Date,Open,High,Low,Close,Volume
2015-01-01,100.0,100.0,100.0,100.0,21004710.0
2015-01-02,100.29,103.13,99.7,102.04,49214144.0
2015-01-05,102.23,103.87,101.12,102.01,31642417.0
2015-01-06,101.71,102.42,98.05,98.89,39327343.0
2015-01-07,99.17,100.45,97.41,99.05,32414266.0
2015-01-08,100.2,102.71,99.28,101.83,35536587.0
2015-01-09,102.6,103.52,100.66,101.65,35662849.0
2015-01-12,101.96,103.54,100.71,102.18,76952127.0
2015-01-13,102.86,105.94,101.72,104.16,69133201.0
2015-01-14,104.64,106.56,103.49,105.23,55412209.0
2015-01-15,106.01,109.36,104.5,107.76,48158643.0
2015-01-16,108.07,109.69,106.56,107.84,45722200.0
2015-01-19,108.37,110.41,107.04,108.79,39086182.0
2015-01-20,109.15,111.11,108.22,109.71,46380170.0
2015-01-21,110.11,111.66,108.32,109.9,53401626.0
2015-01-22,110.26,113.03,108.97,111.26,55441381.0
2015-01-23,112.14,113.39,109.77,111.25,42034253.0
2015-01-27,111.95,113.34,109.58,111.43,36507195.0
2015-01-28,111.49,113.86,110.6,112.23,47372568.0
2015-01-29,112.35,114.29,110.23,112.34,55876548.0
2015-01-30,112.92,113.87,109.63,111.22,53035940.0
2015-02-02,111.12,112.55,107.86,109.67,38694978.0
2015-02-03,110.03,112.9,107.8,109.81,45979782.0
2015-02-04,110.31,111.61,107.83,109.55,51910853.0
2015-02-05,109.71,111.66,107.73,109.35,52261363.0
2015-02-06,108.95,110.32,106.26,107.95,47629157.0
2015-02-09,107.24,109.48,105.12,107.06,35771935.0
2015-02-10,106.63,110.0,105.48,108.18,33447786.0
2015-02-11,108.45,110.6,107.52,109.51,41343124.0
2015-02-12,109.8,112.27,108.12,110.1,63925028.0
2015-02-13,110.54,113.26,109.45,111.62,36478718.0
2015-02-16,112.2,113.62,110.04,111.32,29696300.0
2015-02-18,111.26,113.73,110.1,111.69,45099776.0
2015-02-19,112.33,113.48,109.45,110.96,36111754.0
2015-02-20,111.5,112.6,109.31,110.4,39539021.0
2015-02-23,110.83,112.1,108.38,109.54,32558353.0
2015-02-24,109.65,110.94,107.23,108.85,35986985.0
2015-02-25,109.66,111.45,108.33,109.85,38081919.0
2015-02-26,110.16,111.2,107.0,108.43,35777481.0
2015-02-27,108.95,112.25,107.92,110.92,44678853.0
2015-03-02,111.78,116.67,110.34,115.53,53113900.0
2015-03-03,115.67,117.02,113.66,115.66,46509992.0
2015-03-04,116.1,117.24,113.13,114.02,60315745.0
2015-03-05,114.45,115.58,111.33,112.91,86600643.0
2015-03-09,112.71,113.57,109.42,110.43,35659761.0
2015-03-10,110.66,112.25,108.47,109.45,38464698.0
2015-03-11,109.83,111.31,107.88,109.13,31304636.0
2015-03-12,109.72,111.52,108.59,109.9,37674269.0
2015-03-13,110.9,111.76,107.32,108.26,43564620.0
2015-03-16,108.84,110.16,106.73,108.39,31736458.0
2015-03-17,109.14,110.36,107.14,108.64,40427258.0
2015-03-18,109.17,110.69,107.05,108.17,27915269.0
2015-03-19,109.23,111.02,106.98,107.94,29555002.0
2015-03-20,108.32,109.09,105.19,106.89,32797962.0
2015-03-23,107.32,108.38,104.97,106.17,56313965.0
2015-03-24,105.9,107.31,104.01,105.32,36944997.0
2015-03-25,105.79,107.19,103.46,104.9,30266145.0
2015-03-26,104.31,106.31,102.45,104.27,45133188.0
2015-03-27,104.29,105.73,102.06,103.64,47598127.0
2015-03-30,104.31,107.78,103.32,106.53,32697480.0
2015-03-31,107.06,108.16,104.92,106.13,32197260.0
2015-04-01,106.37,108.63,105.16,107.59,31072776.0
2015-04-06,108.34,110.09,106.94,108.66,39139816.0
2015-04-07,109.0,111.13,107.4,109.72,34829564.0
2015-04-08,110.3,112.96,109.05,110.94,52471685.0
2015-04-09,111.68,113.33,109.62,111.27,51887398.0
2015-04-10,111.35,113.22,109.89,111.71,44823094.0
2015-04-13,112.03,113.55,109.99,111.54,36118526.0
2015-04-15,112.16,113.36,109.81,110.98,40358579.0
2015-04-16,110.94,111.7,107.2,108.6,36247911.0
2015-04-17,108.49,109.46,105.64,106.58,26098691.0
2015-04-20,106.77,108.07,104.08,105.55,34067578.0
2015-04-21,105.74,107.2,103.36,104.66,27039702.0
2015-04-22,105.14,106.94,103.01,105.07,27969473.0
2015-04-23,105.94,107.65,103.43,104.5,24202955.0
2015-04-24,104.7,105.46,101.65,102.83,26952338.0
2015-04-27,102.98,103.98,99.15,100.7,28401530.0
2015-04-28,100.69,103.48,98.95,102.32,32902425.0
2015-04-29,102.46,105.14,100.45,102.59,34237975.0
2015-04-30,102.19,104.13,100.67,102.3,37581332.0
2015-05-04,103.3,106.01,101.88,104.77,38735974.0
2015-05-05,105.23,106.67,103.47,105.37,29264816.0
2015-05-06,105.12,105.75,100.68,101.81,33221325.0
2015-05-07,101.34,104.04,98.87,101.99,31675192.0
2015-05-08,103.03,105.08,101.66,103.38,25352582.0
2015-05-11,104.69,107.26,102.65,105.34,29448197.0
2015-05-12,105.28,105.84,101.77,102.78,28951019.0
2015-05-13,103.69,106.52,102.64,104.63,30738775.0
2015-05-14,104.28,106.81,102.66,105.57,36316607.0
2015-05-15,106.06,108.14,104.72,106.18,37199614.0
2015-05-18,106.87,109.68,105.12,107.49,62475353.0
2015-05-19,107.82,110.1,105.97,108.1,50486449.0
2015-05-20,108.39,110.33,107.07,108.82,35082226.0
2015-05-21,108.84,110.9,107.66,109.58,29302305.0
2015-05-22,109.71,111.07,107.88,108.95,24554721.0
2015-05-25,109.56,110.65,106.84,107.85,24468026.0
2015-05-26,108.02,109.29,106.24,107.55,31102920.0
2015-05-27,107.19,108.87,105.08,107.1,51684100.0
2015-05-28,107.43,108.99,105.33,106.9,56543286.0
2015-05-29,107.27,111.23,105.59,109.43,56201095.0
2015-06-01,109.57,111.89,108.15,109.88,34212399.0
2015-06-02,109.89,111.0,105.96,106.94,31901875.0
2015-06-03,106.93,107.66,103.04,104.67,41397678.0
2015-06-04,105.09,106.93,103.08,105.36,23036885.0
2015-06-05,105.24,107.14,103.27,104.74,25607030.0
2015-06-08,105.02,106.2,102.56,103.9,26039766.0
2015-06-09,103.79,105.2,101.94,103.35,23377091.0
2015-06-10,103.6,105.42,102.47,103.81,23795012.0
2015-06-11,104.14,105.44,100.42,101.32,25394053.0
2015-06-12,101.26,102.84,99.27,101.13,23938351.0
2015-06-15,101.47,102.62,99.3,100.52,23918099.0
2015-06-16,100.57,102.03,99.05,100.78,27444781.0
2015-06-17,101.19,103.51,100.11,102.12,31104510.0
2015-06-18,102.5,104.72,101.12,102.99,34629424.0
2015-06-19,103.25,105.05,102.2,103.64,32743494.0
2015-06-22,104.18,105.97,102.93,104.65,35218808.0
2015-06-23,104.97,107.24,103.88,105.95,45667497.0
2015-06-24,106.28,108.07,103.97,105.25,46223687.0
2015-06-25,105.43,106.78,103.91,105.34,37938344.0
2015-06-26,105.55,107.39,104.41,105.95,50416662.0
2015-06-29,104.54,106.2,102.17,105.04,29501604.0
2015-06-30,105.28,108.41,104.53,107.22,47768756.0
2015-07-01,107.51,110.23,106.69,109.03,70710385.0
2015-07-02,109.39,111.26,107.76,109.28,58371072.0
2015-07-03,109.24,111.22,108.0,109.62,34668574.0
2015-07-06,108.54,112.25,107.66,111.32,79408951.0
2015-07-07,111.82,114.4,110.63,112.64,84391011.0
2015-07-08,111.99,113.44,109.37,110.8,53422409.0
2015-07-09,111.12,112.92,109.61,110.74,61222614.0
2015-07-10,111.42,112.68,109.38,110.94,42499846.0
2015-07-13,111.24,113.76,110.27,112.61,55644018.0
2015-07-14,112.82,114.28,111.09,112.67,71851961.0
2015-07-15,112.89,115.57,111.97,113.99,63061554.0
2015-07-16,114.8,116.07,113.18,114.69,42125529.0
2015-07-17,115.11,116.77,113.43,114.81,53941906.0
2015-07-20,114.63,118.36,112.68,116.92,53238009.0
2015-07-21,116.78,118.07,112.7,113.74,56157046.0
2015-07-22,113.56,116.56,112.27,114.67,39824909.0
2015-07-23,115.2,116.4,113.18,114.66,60793071.0
2015-07-24,114.68,116.35,112.97,114.0,56785205.0
2015-07-27,113.84,115.47,111.16,112.62,46910232.0
2015-07-28,112.72,114.81,110.78,112.15,74210320.0
2015-07-29,112.51,114.62,110.86,113.33,102111711.0
2015-07-30,113.86,116.02,112.32,114.08,109281065.0
2015-07-31,114.55,117.2,113.25,115.37,93750607.0
2015-08-03,115.55,117.77,114.35,115.94,124652594.0
2015-08-04,116.52,118.63,114.45,116.93,147813626.0
2015-08-05,117.4,119.82,115.89,118.09,131226264.0
2015-08-06,118.47,119.9,116.37,117.92,110516814.0
2015-08-07,118.01,119.31,115.78,116.94,84654415.0
2015-08-10,117.32,119.01,115.36,116.55,66778952.0
2015-08-11,116.58,117.78,113.81,114.97,71213068.0
2015-08-12,115.06,115.96,111.24,112.46,75812201.0
2015-08-13,113.05,114.73,109.8,111.89,65760236.0
2015-08-14,112.56,115.32,111.47,113.82,60758230.0
2015-08-17,114.52,116.16,112.21,114.54,55630758.0
2015-08-18,114.95,117.0,113.45,115.26,58115479.0
2015-08-19,115.39,117.5,113.82,116.24,62414893.0
2015-08-20,116.13,117.45,112.3,113.41,58179098.0
2015-08-21,112.3,114.71,109.77,112.81,51174144.0
2015-08-24,109.65,111.15,103.2,105.52,76156080.0
2015-08-25,106.1,109.18,101.39,106.11,81660814.0
2015-08-26,106.25,108.68,103.53,105.79,62173014.0
2015-08-27,107.13,109.99,105.32,108.49,66799074.0
2015-08-28,109.54,111.25,107.32,108.4,46501653.0
2015-08-31,108.55,110.26,106.1,107.68,34105927.0
2015-09-01,106.85,108.46,103.93,105.74,35650820.0
2015-09-02,107.06,108.45,104.6,105.97,30390680.0
2015-09-03,106.79,109.75,105.76,108.4,33228577.0
2015-09-04,108.24,108.69,104.25,106.07,41425250.0
2015-09-07,106.36,107.44,103.21,104.08,30014239.0
2015-09-08,104.26,106.01,102.06,104.6,40834111.0
2015-09-09,105.76,108.53,104.92,107.16,31205988.0
2015-09-10,106.09,108.13,104.24,107.04,30047342.0
2015-09-11,107.71,109.35,106.09,107.34,30396135.0
2015-09-14,108.04,109.85,106.9,108.84,29428593.0
2015-09-15,108.93,110.94,106.76,108.64,40595806.0
2015-09-16,109.54,110.81,107.47,108.83,29241160.0
2015-09-18,109.49,112.56,108.18,110.06,38060188.0
2015-09-21,109.68,111.77,108.03,110.18,40435548.0
2015-09-22,110.75,111.8,107.21,108.3,59264160.0
2015-09-23,107.48,109.35,105.84,107.94,72125306.0
2015-09-24,107.78,109.72,106.19,108.07,56659355.0
2015-09-28,108.34,109.46,105.88,106.79,35723031.0
2015-09-29,105.57,108.96,103.73,106.92,46961467.0
2015-09-30,107.47,110.07,106.21,108.57,43247567.0
2015-10-01,109.05,111.25,107.76,109.82,45894011.0
2015-10-05,110.44,113.34,109.56,111.69,54090828.0
2015-10-06,112.43,113.72,110.07,111.39,51136546.0
2015-10-07,111.48,113.14,110.11,111.64,67358699.0
2015-10-08,111.91,113.39,110.59,112.0,58534776.0
2015-10-09,112.84,113.97,110.49,111.56,49485245.0
2015-10-12,111.8,113.25,110.43,111.61,44590568.0
2015-10-13,111.96,113.54,110.65,112.25,49860418.0
2015-10-14,112.43,114.04,111.02,112.5,54066817.0
2015-10-15,113.03,114.68,111.83,113.0,45398468.0
2015-10-16,113.48,115.16,111.86,113.75,40314744.0
2015-10-19,114.17,115.81,111.95,113.63,54626946.0
2015-10-20,113.94,115.75,112.6,114.34,58042450.0
2015-10-21,114.48,115.81,112.51,113.76,47266846.0
2015-10-23,114.41,115.82,112.52,113.48,43032366.0
2015-10-26,113.44,114.68,110.75,112.02,48500737.0
2015-10-27,111.94,113.73,110.43,112.16,55899274.0
2015-10-28,112.16,113.97,110.68,112.42,67691703.0
2015-10-29,112.42,114.17,110.71,112.41,42805301.0
2015-10-30,112.83,114.06,110.54,111.76,45122022.0
2015-11-02,112.01,113.63,109.87,112.14,44519801.0
2015-11-03,112.51,115.12,111.01,112.39,51013182.0
2015-11-04,112.86,114.19,110.7,111.61,57433251.0
2015-11-05,111.5,112.41,109.21,110.28,48468352.0
2015-11-06,110.48,112.86,108.53,109.75,36374676.0
2015-11-09,107.8,110.87,106.46,109.54,39485941.0
2015-11-10,109.67,110.69,107.17,108.0,86388569.0
2015-11-13,108.57,109.66,106.29,107.51,49033866.0
2015-11-16,107.37,109.47,105.67,107.74,38704700.0
2015-11-17,108.34,109.58,106.73,108.13,64319436.0
2015-11-18,108.0,109.73,106.86,108.04,53992071.0
2015-11-19,108.62,110.12,107.25,109.0,64447916.0
2015-11-20,109.18,110.99,108.08,109.78,52456224.0
2015-11-23,110.25,111.76,108.83,110.26,41269977.0
2015-11-24,110.26,112.42,109.26,110.74,52692039.0
2015-11-26,111.3,112.79,109.81,111.59,47636225.0
2015-11-27,112.02,113.35,110.46,111.79,51580939.0
2015-11-30,111.9,113.05,109.79,111.33,61277785.0
2015-12-01,111.74,113.37,110.37,111.79,45648834.0
2015-12-02,112.32,113.63,110.76,111.9,67619734.0
2015-12-03,111.82,113.29,110.49,111.6,62580222.0
2015-12-04,111.17,112.54,109.75,110.95,41449715.0
2015-12-07,111.66,113.53,110.47,112.12,37712474.0
2015-12-08,112.13,112.97,109.98,110.95,38930907.0
2015-12-09,111.11,111.53,107.21,108.15,44417550.0
2015-12-10,108.83,110.44,106.79,109.25,36732036.0
2015-12-11,109.5,111.06,107.38,108.58,38781469.0
2015-12-14,108.5,111.1,107.42,110.0,36765535.0
2015-12-15,110.12,111.61,109.01,110.83,33863781.0
2015-12-16,111.3,112.3,109.32,110.69,45820773.0
2015-12-17,111.19,113.81,110.24,112.78,77620375.0
2015-12-18,112.64,114.23,110.55,112.12,72495225.0
2015-12-21,112.08,113.68,110.87,112.36,38383134.0
2015-12-22,112.42,114.04,111.27,112.6,58469700.0
2015-12-23,112.99,114.18,111.91,112.95,68822149.0
2015-12-24,113.28,114.34,112.04,113.23,56883784.0
2015-12-28,113.56,114.81,112.23,113.57,40666795.0
2015-12-29,113.77,115.37,112.59,114.21,50488031.0
2015-12-30,114.45,115.64,113.07,114.21,55944196.0
2015-12-31,114.28,116.41,113.2,114.98,51649743.0
2016-01-01,115.11,117.48,113.99,115.88,38259143.0
2016-01-04,115.61,117.38,113.0,114.43,71432882.0
2016-01-05,114.68,116.98,113.18,115.37,75452769.0
2016-01-06,116.16,117.65,113.92,115.25,68686300.0
2016-01-07,114.21,115.12,111.2,112.39,59092561.0
2016-01-08,113.31,114.76,111.33,113.44,38969323.0
2016-01-11,112.54,114.96,110.66,113.09,42169865.0
2016-01-12,113.67,114.7,110.63,111.68,36880630.0
2016-01-13,112.61,113.92,108.09,110.99,64004734.0
2016-01-14,109.42,111.69,107.43,109.89,43651633.0
2016-01-15,110.1,111.35,106.29,107.9,40848298.0
2016-01-18,107.79,108.89,103.32,104.96,50334705.0
2016-01-19,105.63,107.96,103.59,106.1,46677647.0
2016-01-20,104.97,107.45,102.78,104.64,46625833.0
2016-01-21,105.81,107.56,103.74,105.39,43115231.0
2016-01-22,106.13,109.27,105.03,107.64,45817954.0
2016-01-25,108.61,110.87,107.13,108.87,48625458.0
2016-01-27,109.21,110.72,107.12,108.52,42998697.0
2016-01-28,108.58,110.56,106.51,108.51,45491535.0
2016-01-29,109.06,111.73,107.62,110.37,45478509.0
2016-02-01,111.43,113.24,109.52,111.32,45384460.0
2016-02-02,111.62,113.07,108.97,110.2,41728729.0
2016-02-03,109.0,110.62,106.5,108.01,60080987.0
2016-02-04,108.27,110.68,106.31,108.12,61437638.0
2016-02-05,108.39,111.07,106.9,109.4,58963706.0
2016-02-08,109.66,111.43,107.41,108.39,45633903.0
2016-02-09,107.96,109.44,105.58,107.34,35858566.0
2016-02-10,107.24,108.45,104.6,106.59,41237803.0
2016-02-11,106.12,107.47,101.92,103.4,51336537.0
2016-02-12,103.63,105.44,99.66,102.98,56938931.0
2016-02-15,104.02,106.97,102.62,104.76,37788455.0
2016-02-16,105.23,106.29,101.96,102.91,31687275.0
2016-02-17,103.03,104.24,100.17,102.73,38218189.0
2016-02-18,103.8,106.02,101.9,103.76,38353006.0
2016-02-19,103.66,105.64,102.25,104.33,24398635.0
2016-02-22,104.72,106.64,103.8,105.56,29106034.0
2016-02-23,105.6,106.45,103.11,104.13,39149072.0
2016-02-24,103.91,105.07,102.31,103.34,26752780.0
2016-02-25,103.59,104.7,101.19,102.15,37332342.0
2016-02-26,102.93,104.03,100.42,101.66,37244479.0
2016-02-29,102.1,103.39,98.82,100.83,53061396.0
2016-03-01,101.42,105.09,100.77,104.21,47021032.0
2016-03-02,105.13,108.16,104.25,106.37,46283175.0
2016-03-03,107.16,109.57,105.46,107.77,34107985.0
2016-03-04,108.13,109.31,105.73,107.2,43452514.0
2016-03-08,107.57,109.69,105.93,107.92,44535027.0
2016-03-09,107.89,110.05,106.72,108.66,41391520.0
2016-03-10,109.03,110.52,107.47,108.81,42058104.0
2016-03-11,108.93,110.41,107.79,109.05,34277181.0
2016-03-14,109.27,111.19,108.13,109.81,32472540.0
2016-03-15,109.81,110.8,107.73,108.75,40111273.0
2016-03-16,108.79,110.01,107.05,108.54,51001016.0
2016-03-17,109.33,111.76,108.02,110.17,94655008.0
2016-03-18,110.56,113.89,109.38,112.17,64504339.0
2016-03-21,112.38,115.65,111.04,113.9,48333237.0
2016-03-22,114.09,115.11,111.61,113.44,44786860.0
2016-03-23,113.67,114.99,112.15,113.09,34125924.0
2016-03-28,113.34,114.85,110.9,112.12,42533678.0
2016-03-29,112.33,113.83,110.59,112.11,43877396.0
2016-03-30,113.18,115.53,112.24,113.91,43784209.0
2016-03-31,114.44,116.21,112.55,114.45,59862259.0
2016-04-01,114.24,116.18,112.93,114.62,37441303.0
2016-04-04,115.15,116.69,113.29,115.3,33937235.0
2016-04-05,114.9,116.03,112.5,113.44,39006944.0
2016-04-06,113.83,116.43,112.75,115.13,41959528.0
2016-04-07,115.33,116.57,113.57,114.56,35546538.0
2016-04-08,114.55,117.11,113.5,115.39,55623657.0
2016-04-11,115.65,117.37,114.06,116.19,45298040.0
2016-04-12,116.18,118.13,115.18,116.78,41535251.0
2016-04-13,117.56,120.17,116.51,118.77,43268205.0
2016-04-18,119.18,121.9,117.3,120.26,35652237.0
2016-04-20,120.56,122.39,118.66,120.09,44611395.0
2016-04-21,120.71,121.69,117.41,118.33,48044451.0
2016-04-22,118.24,119.86,116.31,117.84,43081357.0
2016-04-25,118.24,119.51,116.48,117.67,43270995.0
2016-04-26,117.97,119.69,116.8,118.44,47281307.0
2016-04-27,118.38,120.04,117.22,118.58,33727679.0
2016-04-28,118.68,119.91,116.47,117.47,42333515.0
2016-04-29,117.63,118.97,115.74,117.31,40171663.0
2016-05-02,117.24,118.66,115.85,117.32,28412930.0
2016-05-03,117.75,120.12,116.27,117.7,48028380.0
2016-05-04,117.29,118.71,115.87,117.18,33020813.0
2016-05-05,117.45,118.46,115.4,116.51,27829671.0
2016-05-06,116.4,118.54,115.11,117.32,31119549.0
2016-05-09,117.86,120.49,116.87,119.24,49460771.0
2016-05-10,119.32,121.0,117.7,119.48,53959615.0
2016-05-11,118.54,121.61,117.39,120.23,50523775.0
2016-05-12,120.73,122.75,119.74,121.21,67289142.0
2016-05-13,121.12,122.91,119.45,121.18,62111588.0
2016-05-16,121.39,122.63,119.47,121.1,65708380.0
2016-05-17,121.63,123.44,119.97,121.67,46373522.0
2016-05-18,121.59,123.11,119.83,121.7,42536129.0
2016-05-19,121.9,123.01,119.72,120.91,53788899.0
2016-05-20,120.92,122.02,118.21,119.28,39148164.0
2016-05-23,119.92,121.5,118.07,119.09,34732145.0
2016-05-24,119.71,121.15,117.71,119.54,29664440.0
2016-05-25,120.55,122.7,119.52,121.59,42780855.0
2016-05-26,121.95,123.74,120.18,121.75,60343100.0
2016-05-27,122.16,124.06,120.99,122.74,44283513.0
2016-05-30,123.15,124.59,121.51,122.86,32667408.0
2016-05-31,123.09,124.63,120.91,122.44,49220685.0
2016-06-01,122.78,125.03,121.78,123.68,51935203.0
2016-06-02,123.51,125.21,122.27,124.16,42357390.0
2016-06-03,124.31,125.81,122.55,123.43,41792814.0
2016-06-06,123.55,125.53,122.53,123.96,27999516.0
2016-06-07,124.26,126.84,123.26,125.5,56650477.0
2016-06-08,125.86,127.54,124.47,126.15,44726896.0
2016-06-09,126.29,127.23,123.97,124.89,29625152.0
2016-06-10,124.81,126.36,123.44,124.91,48658269.0
2016-06-13,124.04,126.0,122.58,124.95,42616432.0
2016-06-14,125.18,126.32,123.23,124.39,57844768.0
2016-06-15,124.78,126.89,123.76,125.75,59937878.0
2016-06-16,125.68,127.04,123.61,125.18,42539269.0
2016-06-17,125.94,127.48,124.44,125.88,42660600.0
2016-06-20,125.08,127.7,124.18,126.73,42142203.0
2016-06-21,126.88,128.21,125.14,126.8,95406446.0
2016-06-22,127.11,128.45,125.19,126.53,129176501.0
2016-06-23,126.78,128.47,125.39,127.16,62341457.0
2016-06-24,124.72,127.48,121.77,126.3,62724981.0
2016-06-27,125.64,129.45,125.1,127.99,52059547.0
2016-06-28,128.34,130.11,127.23,128.51,49830048.0
2016-06-29,129.0,131.28,128.0,129.98,62687456.0
2016-06-30,130.57,132.48,129.29,131.08,64431235.0
2016-07-01,131.25,133.29,129.99,131.34,46644435.0
2016-07-04,132.09,133.65,130.25,131.41,52600960.0
2016-07-05,131.74,133.33,129.78,131.06,47946841.0
2016-07-07,131.28,133.85,130.13,132.07,71799329.0
2016-07-08,132.22,134.08,130.79,132.65,41700308.0
2016-07-11,133.81,135.9,132.9,134.42,52130952.0
2016-07-12,134.68,136.53,133.02,134.53,140619431.0
2016-07-13,134.84,135.93,132.2,133.22,61839434.0
2016-07-14,133.35,135.99,132.63,134.65,44287666.0
2016-07-15,135.05,136.8,133.44,134.71,49705343.0
2016-07-18,135.19,137.05,133.4,134.58,43027289.0
2016-07-19,135.18,136.74,133.16,134.91,39604382.0
2016-07-20,135.25,137.48,134.27,136.14,48033503.0
2016-07-21,136.64,139.03,135.25,137.33,50420838.0
2016-07-22,137.72,138.68,135.94,137.28,33952227.0
2016-07-25,137.38,139.89,136.19,138.47,53138639.0
2016-07-26,138.87,140.61,136.74,138.02,53986008.0
2016-07-27,138.97,140.45,136.87,138.01,59927986.0
2016-07-28,138.56,142.6,137.31,140.44,81869857.0
2016-07-29,140.79,142.9,138.73,140.61,55652151.0
2016-08-01,141.2,142.91,139.42,141.01,57389771.0
2016-08-02,141.41,143.67,138.92,140.96,51724840.0
2016-08-03,141.21,142.74,138.65,140.12,55710447.0
2016-08-04,141.19,142.43,138.48,139.89,54305872.0
2016-08-05,140.39,144.83,139.81,143.44,60406282.0
2016-08-08,144.23,145.95,142.21,143.96,66033481.0
2016-08-09,144.4,145.66,141.64,143.5,55436354.0
2016-08-10,143.69,144.41,138.98,139.9,133784080.0
2016-08-11,140.12,142.23,137.01,139.63,52203283.0
2016-08-12,139.95,142.52,137.49,140.03,56222047.0
2016-08-16,140.31,142.35,138.61,140.66,60995152.0
2016-08-17,140.08,142.31,138.59,140.68,50440470.0
2016-08-18,141.13,144.18,139.97,142.69,72692326.0
2016-08-19,142.91,145.47,141.79,143.71,72501405.0
2016-08-22,143.94,145.17,141.3,142.79,54280825.0
2016-08-23,142.71,144.79,140.21,142.5,97115939.0
2016-08-24,142.66,144.2,140.91,142.69,103792562.0
2016-08-25,142.99,144.77,140.66,142.15,145153375.0
2016-08-26,142.58,144.54,140.54,142.7,435890037.0
2016-08-29,142.69,143.86,140.77,142.24,131524433.0
2016-08-30,142.87,146.67,141.76,145.25,106715291.0
2016-08-31,145.85,148.6,144.01,146.19,89055823.0
2016-09-01,145.12,148.3,143.62,146.1,92568967.0
2016-09-02,146.34,147.78,144.55,146.28,60278103.0
2016-09-06,147.28,149.96,145.74,148.25,69158121.0
2016-09-07,148.83,150.26,146.35,147.66,91590058.0
2016-09-08,147.68,150.07,146.6,148.62,84423342.0
2016-09-09,148.57,149.55,145.29,146.46,73310531.0
2016-09-12,144.82,146.14,141.39,142.99,66492282.0
2016-09-14,142.92,146.77,141.92,144.77,71879393.0
2016-09-15,145.09,146.57,143.04,144.79,88926447.0
2016-09-16,145.44,147.91,143.41,144.93,95105284.0
2016-09-19,145.42,147.77,144.09,146.26,86497896.0
2016-09-20,146.65,148.3,144.96,146.33,55938581.0
2016-09-21,146.51,148.32,144.8,146.1,69822046.0
2016-09-22,147.4,149.33,145.63,147.69,77413658.0
2016-09-23,148.47,149.81,145.99,147.09,62090345.0
2016-09-26,147.17,148.27,144.5,145.94,63221630.0
2016-09-27,146.07,148.47,144.59,146.15,57477995.0
2016-09-28,146.28,148.81,145.38,147.54,52495328.0
2016-09-29,148.14,149.43,140.51,143.63,100321379.0
2016-09-30,143.46,146.41,141.84,144.6,51791397.0
2016-10-03,145.48,149.91,144.54,148.53,54881245.0
2016-10-04,149.13,150.76,147.16,148.82,55996856.0
2016-10-05,149.19,152.27,147.63,150.11,63835730.0
2016-10-06,150.66,152.43,148.11,149.53,73793583.0
2016-10-07,149.76,151.43,147.33,149.26,58474279.0
2016-10-10,149.72,152.38,148.46,150.71,54629175.0
2016-10-13,150.63,152.07,147.53,149.39,66257236.0
2016-10-14,149.64,151.87,147.93,149.91,64734302.0
2016-10-17,150.4,151.94,147.26,148.82,104623167.0
2016-10-18,149.73,151.68,147.65,149.94,92288782.0
2016-10-19,150.38,151.95,148.47,150.06,73644114.0
2016-10-20,150.9,152.28,148.73,150.01,85882728.0
2016-10-21,150.6,151.77,147.42,148.95,183786544.0
2016-10-24,149.62,151.13,147.43,148.7,89951840.0
2016-10-25,149.01,151.15,147.18,149.27,137527032.0
2016-10-26,149.27,150.99,146.52,147.78,84695180.0
2016-10-27,148.11,149.34,144.71,146.32,73086347.0
2016-10-28,146.39,148.84,144.43,146.78,65152528.0
2016-11-01,147.99,149.84,145.79,147.55,70010031.0
2016-11-02,146.49,147.93,143.75,144.97,53022859.0
2016-11-03,145.03,147.19,141.99,143.58,95164216.0
2016-11-04,144.0,146.08,140.03,142.55,69307894.0
2016-11-07,144.05,146.52,141.61,143.37,42145482.0
2016-11-08,144.06,146.19,142.12,144.33,41402404.0
2016-11-09,134.54,142.23,128.04,139.69,93923481.0
2016-11-10,142.5,144.45,138.09,139.59,48703338.0
2016-11-11,138.41,139.95,131.58,133.68,66673477.0
2016-11-15,133.95,135.11,121.95,124.93,86450916.0
2016-11-16,126.91,129.2,122.24,125.34,72423602.0
2016-11-17,125.5,127.33,121.93,123.5,49881572.0
2016-11-18,123.82,126.6,120.29,123.92,53277808.0
2016-11-21,124.53,125.84,119.3,121.01,66342936.0
2016-11-22,121.9,124.91,119.61,123.19,60262121.0
2016-11-23,124.52,127.15,122.21,125.74,53454528.0
2016-11-24,125.6,128.9,123.41,126.48,64949462.0
2016-11-25,127.23,129.55,125.64,128.36,60324826.0
2016-11-28,128.48,131.66,126.96,129.38,55436905.0
2016-11-29,129.9,132.91,128.78,130.99,60543452.0
2016-11-30,132.0,134.58,129.89,132.68,88086257.0
2016-12-01,133.07,134.03,129.35,130.75,38216429.0
2016-12-02,130.03,131.66,127.69,129.27,36699457.0
2016-12-05,129.51,132.12,127.39,130.16,40931644.0
2016-12-06,130.77,132.63,129.05,130.72,36119719.0
2016-12-07,131.15,132.85,129.01,130.13,32799698.0
2016-12-08,131.22,133.32,130.09,131.67,38785579.0
2016-12-09,132.24,133.53,130.11,131.5,44414269.0
2016-12-12,131.21,132.29,127.6,128.73,35192448.0
2016-12-13,128.83,130.33,125.85,127.73,33502089.0
2016-12-14,127.98,129.15,125.62,126.65,42594936.0
2016-12-15,125.72,127.96,124.41,125.71,58615246.0
2016-12-16,126.39,127.36,123.1,124.53,42120327.0
2016-12-19,124.7,125.81,122.02,123.18,54144612.0
2016-12-20,123.1,124.96,121.2,122.92,72426136.0
2016-12-21,123.52,124.81,121.81,123.07,43101996.0
2016-12-22,122.83,123.9,120.04,121.64,33259355.0
2016-12-23,122.0,123.52,119.67,121.74,38546597.0
2016-12-26,121.54,122.56,118.87,119.92,39017260.0
2016-12-27,120.05,122.19,118.54,121.26,33585827.0
2016-12-28,121.69,123.93,120.2,121.69,36949019.0
2016-12-29,121.99,124.52,120.91,123.34,34603187.0
2016-12-30,123.52,127.32,122.77,125.51,44490205.0
2017-01-02,126.42,128.77,125.11,127.62,36050859.0
2017-01-03,128.04,129.36,125.99,127.48,53088860.0
2017-01-04,127.88,129.67,126.28,127.53,47008979.0
2017-01-05,128.24,129.91,126.71,128.65,47930708.0
2017-01-06,128.93,130.36,127.07,128.43,37764706.0
2017-01-09,129.05,130.11,126.84,128.05,25118417.0
2017-01-10,128.49,129.88,126.82,128.22,61743885.0
2017-01-11,128.72,131.68,127.78,130.42,125112463.0
2017-01-12,130.93,132.18,128.78,129.99,83467181.0
2017-01-13,130.35,131.27,128.37,129.54,137793150.0
2017-01-16,129.75,131.47,128.29,130.07,65408545.0
2017-01-17,130.59,132.36,129.15,131.0,59686842.0
2017-01-18,131.36,134.36,130.49,132.81,121652460.0
2017-01-19,133.23,134.56,131.44,133.13,53364038.0
2017-01-20,132.59,134.98,130.74,132.22,47611376.0
2017-01-23,132.55,134.83,131.1,133.15,62087627.0
2017-01-24,133.69,136.92,132.48,135.77,56706542.0
2017-01-25,136.18,138.57,134.83,137.19,70452742.0
2017-01-27,137.44,139.98,136.31,137.78,77137784.0
2017-01-30,137.86,140.15,135.98,137.82,77144265.0
2017-01-31,137.96,139.46,135.3,136.71,56208414.0
2017-02-01,137.15,141.04,135.97,139.74,73415043.0
2017-02-02,140.05,141.58,137.81,139.54,53793462.0
2017-02-03,139.76,141.79,138.15,139.83,65942634.0
2017-02-06,140.68,143.52,139.18,141.5,112742179.0
2017-02-07,141.75,143.12,139.25,140.93,66805419.0
2017-02-08,141.02,143.62,139.47,141.89,59758169.0
2017-02-09,142.26,143.88,140.17,142.0,50577816.0
2017-02-10,142.9,144.2,141.04,142.37,55375666.0
2017-02-13,142.62,144.15,140.17,141.58,42078392.0
2017-02-14,141.94,142.72,138.66,140.28,38129258.0
2017-02-15,140.46,141.96,137.57,139.14,47743230.0
2017-02-16,139.18,141.39,137.76,140.02,49545221.0
2017-02-17,140.48,141.95,138.7,140.3,35947773.0
2017-02-20,140.46,142.83,139.17,141.48,34438275.0
2017-02-21,141.65,143.87,140.48,142.7,62166599.0
2017-02-22,143.09,145.28,140.92,143.02,63935413.0
2017-02-23,143.29,144.74,141.19,142.47,51391099.0
2017-02-27,142.75,144.21,140.43,141.96,44958114.0
2017-02-28,142.54,144.59,140.19,142.55,89497127.0
2017-03-01,143.17,144.82,141.28,142.86,66391837.0
2017-03-02,143.55,145.38,140.91,142.18,59868794.0
2017-03-03,142.14,143.95,140.29,141.89,44388745.0
2017-03-06,142.44,144.12,140.97,142.4,68369373.0
2017-03-07,142.72,143.47,140.67,141.77,98462921.0
2017-03-08,141.84,143.42,140.25,141.74,118549130.0
2017-03-09,141.66,143.81,140.51,142.21,52875758.0
2017-03-10,142.77,144.33,141.04,142.41,53318193.0
2017-03-14,144.79,147.54,142.81,145.87,93588331.0
2017-03-15,146.16,147.94,144.58,146.07,78908335.0
2017-03-16,146.73,149.31,145.95,148.0,65889932.0
2017-03-17,148.39,149.62,146.11,147.76,73459215.0
2017-03-20,148.0,149.33,145.61,147.6,60720890.0
2017-03-21,147.94,149.84,145.79,147.86,74569641.0
2017-03-22,146.93,148.34,144.59,146.41,61759621.0
2017-03-23,146.98,148.89,145.45,147.06,85521647.0
2017-03-24,147.27,149.01,145.53,146.72,83254786.0
2017-03-27,146.94,148.07,144.67,146.12,71759153.0
2017-03-28,146.54,148.86,145.4,147.41,68427568.0
2017-03-29,148.04,150.48,146.15,148.0,65636255.0
2017-03-30,148.28,150.81,146.45,149.11,95126343.0
2017-03-31,149.53,152.3,147.67,149.83,75092883.0
2017-04-03,150.82,153.79,149.28,151.52,68528926.0
2017-04-05,152.06,154.31,150.26,152.79,89678054.0
2017-04-06,152.72,154.82,150.72,153.17,50262953.0
2017-04-07,152.64,155.13,150.97,152.66,77886318.0
2017-04-10,152.71,154.78,151.14,152.72,53120175.0
2017-04-11,152.78,155.31,151.61,153.73,63523634.0
2017-04-12,154.32,155.76,151.39,153.31,66483219.0
2017-04-13,153.58,154.92,151.83,152.94,32835036.0
2017-04-17,153.17,154.7,150.99,152.76,58816510.0
2017-04-18,153.12,155.24,150.47,151.56,60131062.0
2017-04-19,151.73,153.82,150.02,152.27,69514436.0
2017-04-20,152.96,156.0,151.51,154.26,117252031.0
2017-04-21,155.06,156.28,152.73,154.1,85568325.0
2017-04-24,154.59,160.14,153.62,158.23,86588789.0
2017-04-25,158.9,162.58,157.02,160.3,76458814.0
2017-04-26,160.93,162.78,157.93,159.68,73946477.0
2017-04-27,159.86,161.8,157.74,160.07,54305624.0
2017-04-28,160.31,162.61,158.43,160.45,54343699.0
2017-05-02,160.92,162.38,157.16,159.81,51876445.0
2017-05-03,160.33,162.93,158.59,160.92,91681365.0
2017-05-04,161.03,163.84,159.38,161.98,98264507.0
2017-05-05,162.46,164.69,159.7,162.08,98216991.0
2017-05-08,163.16,166.7,161.85,164.36,106323386.0
2017-05-09,164.52,166.63,162.49,164.28,140664825.0
2017-05-10,164.95,167.23,162.28,164.39,79111115.0
2017-05-11,164.9,167.81,163.05,165.18,98019253.0
2017-05-12,165.75,167.05,161.98,163.64,64641632.0
2017-05-15,164.4,167.98,162.98,165.65,80614541.0
2017-05-16,166.24,168.33,164.12,166.05,70276171.0
2017-05-17,165.92,167.52,163.09,164.97,57077091.0
2017-05-18,163.95,165.42,160.21,161.78,48955115.0
2017-05-19,162.39,164.36,158.3,160.33,56893135.0
2017-05-22,160.92,162.55,156.12,157.69,39564717.0
2017-05-23,158.15,159.32,153.41,155.76,60680412.0
2017-05-24,156.13,157.38,151.45,153.37,54581447.0
2017-05-25,153.67,157.12,151.86,155.52,79073845.0
2017-05-26,156.34,159.54,154.83,157.39,55150359.0
2017-05-29,157.49,159.53,154.48,156.54,45940719.0
2017-05-30,156.47,159.29,154.78,157.63,43858167.0
2017-05-31,157.75,161.64,156.13,159.24,58590621.0
2017-06-01,159.34,161.78,157.38,159.47,50101923.0
2017-06-02,160.13,162.34,158.73,160.62,44606387.0
2017-06-05,160.66,163.66,158.83,161.43,59819996.0
2017-06-06,161.86,163.25,158.18,159.78,57000881.0
2017-06-07,160.05,161.99,158.32,160.33,45503935.0
2017-06-08,160.87,162.64,158.38,160.13,41309125.0
2017-06-09,160.52,161.74,158.07,160.27,37008324.0
2017-06-12,160.26,161.82,157.76,159.49,40558434.0
2017-06-13,159.89,162.01,158.09,159.35,45453317.0
2017-06-14,159.75,161.6,157.03,159.9,80497888.0
2017-06-15,160.05,162.06,158.13,159.98,74193001.0
2017-06-16,160.31,162.49,158.5,160.76,65989454.0
2017-06-19,161.54,162.75,159.3,160.61,52835883.0
2017-06-20,161.18,162.62,158.8,160.44,61285482.0
2017-06-21,160.54,161.86,158.37,159.98,46192141.0
2017-06-22,160.46,163.17,158.77,160.68,69919686.0
2017-06-23,160.88,162.0,156.85,159.06,49291672.0
2017-06-27,159.32,161.04,154.67,156.51,41917245.0
2017-06-28,156.18,158.32,153.83,156.44,44000618.0
2017-06-29,157.41,159.44,155.71,157.16,50835390.0
2017-06-30,157.2,159.72,155.21,158.0,51605364.0
2017-07-03,158.39,162.06,157.07,160.57,55567383.0
2017-07-04,161.08,163.27,159.0,160.64,52072797.0
2017-07-05,160.7,163.95,159.67,162.45,52348805.0
2017-07-06,163.21,164.99,161.33,162.94,56083765.0
2017-07-07,162.85,164.68,160.9,162.56,42882302.0
2017-07-10,163.17,166.48,160.17,163.59,8894891.0
2017-07-11,163.78,165.92,162.36,163.91,55011117.0
2017-07-12,164.72,166.35,162.47,165.04,42500831.0
2017-07-13,165.72,168.01,164.06,165.88,59266958.0
2017-07-14,166.22,167.64,163.58,165.4,40734176.0
2017-07-17,165.64,168.57,163.74,166.14,39198677.0
2017-07-18,166.39,168.96,164.03,166.09,47563734.0
2017-07-19,167.38,169.14,164.32,166.67,73532583.0
2017-07-20,167.23,168.94,164.21,165.9,78405682.0
2017-07-21,166.33,168.27,163.95,165.72,47247965.0
2017-07-24,165.94,167.59,164.07,165.74,63760692.0
2017-07-25,166.32,168.27,163.7,165.43,57469972.0
2017-07-26,165.41,166.74,163.14,164.56,83016943.0
2017-07-27,165.25,167.22,162.98,164.43,94373606.0
2017-07-28,164.39,166.54,162.4,164.21,63589162.0
2017-07-31,164.62,167.42,162.47,165.62,48763394.0
2017-08-01,166.17,167.81,163.63,165.56,67793577.0
2017-08-02,165.63,167.58,163.55,165.94,56749063.0
2017-08-03,166.46,168.3,163.41,165.72,62189418.0
2017-08-04,165.63,167.7,163.53,165.88,51344821.0
2017-08-07,166.18,168.49,164.22,166.33,57796983.0
2017-08-08,166.59,168.15,162.91,164.9,53574537.0
2017-08-09,164.4,166.34,161.55,163.82,63831474.0
2017-08-10,163.31,164.48,158.25,160.23,78562819.0
2017-08-11,158.38,162.18,154.85,159.29,71029147.0
2017-08-14,160.64,164.04,159.24,162.06,47780116.0
2017-08-16,162.62,164.89,159.8,162.67,44842718.0
2017-08-17,163.22,165.1,160.91,162.43,51143379.0
2017-08-18,162.16,164.67,159.89,162.84,48145405.0
2017-08-21,163.58,165.1,160.77,162.11,40357297.0
2017-08-22,162.7,164.55,160.29,161.7,56550689.0
2017-08-23,162.25,164.32,160.42,162.8,95301661.0
2017-08-24,163.22,165.45,161.27,163.44,70159702.0
2017-08-28,164.03,167.51,162.72,166.04,158850458.0
2017-08-29,165.75,166.95,162.9,164.57,102316839.0
2017-08-30,165.54,168.75,164.53,167.02,133194173.0
2017-08-31,167.58,170.45,165.58,168.46,125807768.0
2017-09-01,169.16,172.5,166.97,169.8,100938023.0
2017-09-04,170.24,171.4,166.61,168.36,137233595.0
2017-09-05,169.13,172.43,167.68,170.99,103047341.0
2017-09-06,170.52,173.55,169.08,171.82,109641125.0
2017-09-07,172.77,175.02,170.37,172.13,117476463.0
2017-09-08,172.34,174.39,170.34,172.58,91939682.0
2017-09-11,173.29,176.21,171.75,174.53,97573960.0
2017-09-12,174.93,178.17,173.79,176.37,82363303.0
2017-09-13,176.21,178.42,173.66,174.99,81309514.0
2017-09-14,175.57,177.7,173.2,175.39,59838097.0
2017-09-15,174.49,177.67,172.32,175.08,106209208.0
2017-09-18,176.08,177.97,174.17,175.47,111111058.0
2017-09-19,176.3,177.7,173.78,175.51,107182770.0
2017-09-20,176.21,177.52,173.14,174.69,95426887.0
2017-09-21,174.93,176.74,171.47,173.26,77909830.0
2017-09-22,172.68,173.45,167.29,168.56,79138944.0
2017-09-25,168.54,169.33,162.72,165.09,66111327.0
2017-09-26,165.08,167.34,161.94,164.75,79047261.0
2017-09-27,165.93,167.29,161.08,162.33,57834471.0
2017-09-28,162.44,165.98,160.05,163.37,73738691.0
2017-09-29,164.15,167.53,162.56,165.12,54348165.0
2017-10-03,166.54,169.0,164.51,166.47,56721742.0
2017-10-04,166.86,169.22,165.11,166.94,60539009.0
2017-10-05,167.24,170.08,165.57,168.28,97993875.0
2017-10-06,169.02,171.42,167.55,169.43,74158569.0
2017-10-09,169.81,171.88,167.91,169.69,74157717.0
2017-10-10,169.92,172.07,168.48,170.15,75505425.0
2017-10-11,170.87,172.33,167.21,168.55,72144330.0
2017-10-12,168.85,170.71,166.71,169.04,59310688.0
2017-10-13,169.24,172.12,167.53,170.16,65376374.0
2017-10-16,171.18,173.19,168.95,170.84,72386445.0
2017-10-17,171.07,173.86,169.28,171.83,79755266.0
2017-10-18,171.97,174.01,169.25,171.16,59130801.0
2017-10-19,171.43,172.72,168.98,170.51,17816802.0
2017-10-23,171.07,175.47,168.75,173.13,53151644.0
2017-10-24,173.67,177.25,171.83,174.43,67567399.0
2017-10-25,175.46,179.17,173.07,176.46,56992855.0
2017-10-26,176.34,178.37,173.68,175.75,67900380.0
2017-10-27,175.89,178.13,173.63,175.85,65603752.0
2017-10-30,176.3,179.48,175.01,177.36,61062684.0
2017-10-31,177.58,179.99,175.22,177.22,73892923.0
2017-11-01,177.81,180.6,175.96,178.18,64982440.0
2017-11-02,178.77,180.96,176.22,178.68,93988244.0
2017-11-03,178.91,180.74,176.32,178.16,109753024.0
2017-11-06,178.14,180.55,176.02,178.17,84249283.0
2017-11-07,178.63,180.61,173.68,176.03,122639506.0
2017-11-08,176.43,179.03,173.42,175.59,91590281.0
2017-11-09,176.36,178.99,173.35,175.64,90718962.0
2017-11-10,175.55,178.36,172.91,175.56,69492305.0
2017-11-13,176.37,177.9,172.82,174.29,58042772.0
2017-11-14,174.11,176.52,171.74,173.52,68418448.0
2017-11-15,173.45,175.81,170.3,172.85,61622590.0
2017-11-16,173.46,175.89,171.18,173.12,68353661.0
2017-11-17,174.84,176.82,172.26,173.78,53341666.0
2017-11-20,173.08,174.91,169.96,172.13,67572243.0
2017-11-21,172.66,174.28,169.54,171.24,69726881.0
2017-11-22,171.78,174.62,170.18,172.77,71776334.0
2017-11-23,173.49,175.6,171.32,173.21,67664950.0
2017-11-24,173.55,175.56,171.75,173.62,81966637.0
2017-11-27,173.89,175.9,171.83,174.35,89334867.0
2017-11-28,174.77,176.96,172.45,174.33,81233252.0
2017-11-29,174.53,176.48,172.64,174.0,66454787.0
2017-11-30,173.85,175.96,171.2,173.39,87432488.0
2017-12-01,174.26,176.49,171.29,172.57,67177699.0
2017-12-04,173.41,175.01,169.36,171.17,56004038.0
2017-12-05,171.24,172.98,168.5,170.77,61851844.0
2017-12-06,170.55,172.49,167.9,169.46,56514651.0
2017-12-07,169.65,173.41,168.65,171.94,46684865.0
2017-12-08,172.54,175.71,170.74,173.39,72197343.0
2017-12-11,174.09,176.4,172.33,174.02,110303274.0
2017-12-12,174.38,176.14,171.26,173.2,88320023.0
2017-12-13,173.31,177.62,171.0,173.59,88320361.0
2017-12-14,174.25,176.17,170.86,173.51,59152200.0
2017-12-15,175.23,177.31,172.93,174.96,75330104.0
2017-12-18,174.28,177.54,169.28,175.49,91843711.0
2017-12-19,176.0,179.08,174.89,177.51,111386254.0
2017-12-20,177.78,180.43,175.81,178.16,117074040.0
2017-12-21,178.91,181.16,176.84,178.82,81369015.0
2017-12-22,179.07,180.96,177.02,178.77,59262236.0
2017-12-26,179.27,181.81,177.55,179.92,59387534.0
2017-12-27,179.94,181.42,177.46,178.97,76921168.0
2017-12-28,179.21,180.98,177.15,178.97,60829121.0
2017-12-29,179.36,183.28,177.93,180.93,71584590.0
2018-01-01,181.15,183.21,178.15,179.75,52876680.0
2018-01-02,180.74,181.94,177.48,179.32,73639243.0
2018-01-03,179.89,182.71,178.2,180.57,61941512.0
2018-01-04,181.15,184.44,179.7,182.67,91120304.0
2018-01-05,183.5,187.68,182.06,185.58,101917069.0
2018-01-08,186.39,188.43,183.98,186.41,81977092.0
2018-01-09,186.85,189.74,184.51,187.52,109770648.0
2018-01-10,187.83,190.22,185.03,187.25,96868323.0
2018-01-11,188.25,190.34,185.51,187.66,113152484.0
2018-01-12,188.51,190.22,184.39,186.9,105623597.0
2018-01-15,187.48,191.42,185.58,188.89,70779454.0
2018-01-16,189.41,191.33,185.26,187.33,98584773.0
2018-01-17,187.09,189.54,183.61,187.57,70932598.0
2018-01-18,188.15,189.74,182.14,184.18,88858745.0
2018-01-19,184.11,186.41,180.16,183.3,70387062.0
2018-01-22,183.38,185.43,180.56,183.41,54592397.0
2018-01-23,183.57,185.5,180.59,182.59,65145952.0
2018-01-24,182.62,183.74,178.55,180.21,60716554.0
2018-01-25,180.4,182.77,178.0,179.96,62573348.0
2018-01-29,180.37,182.56,176.69,178.63,75802376.0
2018-01-30,178.16,179.76,173.85,176.36,65752020.0
2018-01-31,176.2,178.94,173.14,176.05,71268590.0
2018-02-01,176.55,180.55,173.3,177.73,97914738.0
2018-02-02,176.32,177.28,168.28,171.05,110085262.0
2018-02-05,168.09,171.93,164.03,169.26,93840484.0
2018-02-06,163.14,169.04,159.48,166.1,111580516.0
2018-02-07,168.23,171.57,164.97,167.54,74982588.0
2018-02-08,168.21,173.45,166.2,171.31,75359774.0
2018-02-09,168.03,173.21,166.67,171.12,65534534.0
2018-02-12,172.37,174.98,170.38,172.68,60379869.0
2018-02-14,173.11,175.14,170.24,171.96,87068185.0
2018-02-15,172.5,174.85,169.3,171.25,66531906.0
2018-02-16,172.14,174.21,168.39,170.2,53972271.0
2018-02-19,170.68,172.24,166.46,168.45,51468015.0
2018-02-20,168.81,171.69,166.66,169.42,59379932.0
2018-02-21,170.6,171.44,167.41,169.03,43065060.0
2018-02-22,168.69,169.85,165.87,167.56,49473231.0
2018-02-23,168.11,171.02,166.44,169.23,53304913.0
2018-02-26,170.23,172.57,168.18,170.49,55999702.0
2018-02-27,170.8,173.11,168.23,170.25,61563891.0
2018-02-28,169.14,172.09,167.3,169.94,47612950.0
2018-03-01,170.3,172.34,168.39,169.88,37597179.0
2018-03-05,169.34,170.49,165.81,167.61,45265542.0
2018-03-06,168.53,170.32,165.55,166.84,56002211.0
2018-03-07,166.68,167.76,162.8,164.38,56298053.0
2018-03-08,165.11,167.29,161.97,164.83,55436587.0
2018-03-09,165.76,166.8,162.73,164.22,46662760.0
2018-03-12,165.17,167.46,162.86,165.68,47098990.0
2018-03-13,165.44,168.91,164.23,167.18,55688918.0
2018-03-14,166.67,169.72,165.5,168.18,71562705.0
2018-03-15,168.27,170.82,166.17,168.44,69674430.0
2018-03-16,168.4,169.77,163.81,165.05,58380945.0
2018-03-19,165.67,166.66,161.1,162.77,49958885.0
2018-03-20,162.23,165.11,160.39,162.79,48067113.0
2018-03-21,163.3,165.85,161.04,162.72,40305585.0
2018-03-22,162.96,164.54,160.15,161.65,51326445.0
2018-03-23,158.79,161.91,156.62,159.88,59092032.0
2018-03-26,160.0,163.16,157.28,161.27,63628106.0
2018-03-27,161.84,164.74,159.8,162.36,50941791.0
2018-03-28,161.94,164.72,158.92,161.67,81748071.0
2018-04-02,163.03,167.24,160.39,164.99,46288747.0
2018-04-03,164.71,167.18,163.05,165.64,54701652.0
2018-04-04,166.37,168.39,162.56,164.07,66297789.0
2018-04-05,166.31,168.65,164.34,166.88,39773437.0
2018-04-06,167.01,169.13,165.31,167.46,62683255.0
2018-04-09,167.94,170.27,165.95,167.77,65667494.0
2018-04-10,168.48,169.94,166.09,167.63,87507167.0
2018-04-11,167.73,169.31,165.35,167.76,47190801.0
2018-04-12,167.44,169.16,165.54,167.23,129887288.0
2018-04-13,167.72,169.62,165.98,167.47,62551817.0
2018-04-16,166.63,170.43,165.58,169.02,61599561.0
2018-04-17,169.41,171.3,167.41,169.27,56073116.0
2018-04-18,169.73,171.35,167.61,169.09,41555233.0
2018-04-19,169.68,172.73,168.01,170.12,46495421.0
2018-04-20,170.25,171.5,167.34,169.46,40990149.0
2018-04-23,169.6,172.26,167.9,170.52,37231926.0
2018-04-24,170.93,172.36,168.61,170.02,37297243.0
2018-04-25,169.88,171.88,166.86,169.1,53217881.0
2018-04-26,169.59,171.52,166.47,168.52,52862314.0
2018-04-27,169.3,171.91,167.48,169.53,42376539.0
2018-04-30,170.59,173.39,169.01,171.51,45862098.0
2018-05-02,171.77,173.68,168.2,170.13,49839091.0
2018-05-03,170.01,171.54,166.98,168.45,38112919.0
2018-05-04,168.8,170.38,165.54,167.16,40370711.0
2018-05-07,167.53,170.02,165.51,168.35,41667949.0
2018-05-08,168.73,170.86,166.7,168.28,111358107.0
2018-05-09,167.85,170.22,165.32,167.33,76114096.0
2018-05-10,167.7,169.18,164.42,165.97,49767348.0
2018-05-11,167.0,170.4,164.65,168.13,61074842.0
2018-05-14,168.49,170.35,165.69,167.85,39713082.0
2018-05-15,167.8,170.4,165.24,167.45,68741220.0
2018-05-16,166.75,168.76,163.93,166.47,35479120.0
2018-05-17,166.7,168.86,164.49,166.32,48188688.0
2018-05-18,166.22,167.82,162.53,164.52,48841041.0
2018-05-21,164.84,166.65,160.17,162.08,40023173.0
2018-05-22,162.09,164.42,158.96,162.0,41099948.0
2018-05-23,162.07,163.86,159.09,160.91,57408956.0
2018-05-24,161.15,163.79,157.97,161.33,59741436.0
2018-05-25,161.95,164.01,159.72,162.15,61851742.0
2018-05-28,162.77,166.39,161.34,164.64,48815327.0
2018-05-29,164.98,166.78,161.93,163.83,40880135.0
2018-05-30,162.96,165.4,161.27,163.26,39499345.0
2018-05-31,163.65,166.41,160.73,163.48,56334328.0
2018-06-01,163.67,165.04,159.97,161.4,39455530.0
2018-06-04,162.02,163.03,157.51,159.66,41548415.0
2018-06-05,159.34,160.48,155.14,156.98,49230110.0
2018-06-06,156.52,159.79,154.59,158.12,43055488.0
2018-06-07,159.0,162.18,157.74,160.25,43492095.0
2018-06-08,159.64,161.39,157.67,159.64,35051336.0
2018-06-11,160.14,163.82,158.56,161.03,45727002.0
2018-06-12,161.42,162.8,159.14,160.7,40852469.0
2018-06-13,161.22,163.0,159.31,160.96,40435467.0
2018-06-14,161.05,162.14,158.65,160.36,35771652.0
2018-06-15,160.18,162.11,157.71,159.65,51540563.0
2018-06-18,159.8,161.17,157.44,159.14,32318805.0
2018-06-19,158.57,159.79,155.85,157.17,47136233.0
2018-06-20,157.63,159.15,155.18,156.95,51063168.0
2018-06-21,157.24,158.35,154.42,155.67,42961732.0
2018-06-22,155.91,158.14,153.28,156.71,39250627.0
2018-06-25,156.84,159.19,154.71,156.56,37001519.0
2018-06-26,156.47,160.98,155.16,158.45,45338532.0
2018-06-27,158.96,159.97,154.74,156.05,47481584.0
2018-06-28,155.9,157.29,152.12,153.98,60363178.0
2018-06-29,154.69,157.56,152.98,155.8,51041288.0
2018-07-02,156.19,158.06,152.94,155.47,32663795.0
2018-07-03,155.48,157.49,153.29,155.72,36168576.0
2018-07-04,155.84,157.48,153.81,155.51,32498752.0
2018-07-05,155.8,159.48,154.0,157.59,44513626.0
2018-07-06,157.78,160.79,156.05,158.47,47029943.0
2018-07-09,159.35,162.52,157.5,160.1,76613210.0
2018-07-10,160.92,163.3,159.21,161.61,86287744.0
2018-07-11,161.16,163.03,159.05,160.64,48537069.0
2018-07-12,161.36,163.71,159.08,160.53,52743164.0
2018-07-13,160.97,162.35,157.89,159.31,36497736.0
2018-07-16,159.33,160.87,154.28,155.85,51046149.0
2018-07-17,155.95,159.39,154.15,157.59,53905460.0
2018-07-18,158.29,160.39,155.05,157.06,41641415.0
2018-07-19,157.1,158.79,154.42,156.5,43824301.0
2018-07-20,156.39,158.64,154.29,156.94,46054599.0
2018-07-23,158.22,162.54,155.74,159.67,49183668.0
2018-07-24,160.86,168.28,159.76,165.75,95272724.0
2018-07-25,165.82,168.02,161.9,164.29,54312105.0
2018-07-26,164.74,169.06,163.01,166.82,70221088.0
2018-07-27,167.25,169.74,164.85,167.12,55946136.0
2018-07-30,167.45,170.37,165.15,168.16,48004078.0
2018-07-31,168.21,171.14,166.04,168.58,58897613.0
2018-08-01,169.31,172.18,166.82,169.4,85981381.0
2018-08-02,169.45,171.97,166.25,168.8,91711083.0
2018-08-03,169.51,171.26,167.21,168.81,79599273.0
2018-08-06,169.57,171.97,166.71,169.1,167414562.0
2018-08-07,169.71,173.05,167.66,170.11,141102590.0
2018-08-08,170.5,172.57,168.15,170.08,84053971.0
2018-08-09,170.51,172.68,168.11,170.37,51925736.0
2018-08-10,170.6,172.67,167.29,169.25,61104386.0
2018-08-13,168.49,170.4,165.58,167.53,63482242.0
2018-08-14,168.04,171.26,166.05,168.89,65127229.0
2018-08-16,168.5,170.93,166.06,168.08,69431186.0
2018-08-17,169.2,172.64,167.28,170.85,76331658.0
2018-08-20,171.28,173.82,169.41,171.26,61580111.0
2018-08-21,171.74,175.0,169.9,172.81,69147349.0
2018-08-23,173.54,175.22,170.52,172.6,65753882.0
2018-08-24,172.23,175.5,170.37,172.98,53623080.0
2018-08-27,173.63,176.73,171.95,174.57,55428805.0
2018-08-28,174.98,177.68,172.74,174.96,53396431.0
2018-08-29,175.18,177.44,172.47,174.43,78386965.0
2018-08-30,174.77,176.81,172.55,174.7,80346288.0
2018-08-31,175.02,177.45,172.62,175.13,71052323.0
2018-09-03,175.97,177.92,172.76,174.35,87272653.0
2018-09-04,173.71,175.08,167.61,169.17,65121803.0
2018-09-05,168.88,171.06,165.28,168.14,50264542.0
2018-09-06,168.95,171.73,166.45,168.22,58465002.0
2018-09-07,168.88,171.24,166.61,169.31,62156704.0
2018-09-10,169.18,170.31,164.44,165.87,56120385.0
2018-09-11,166.12,167.89,162.89,164.12,47665544.0
2018-09-12,164.75,166.6,161.17,164.4,48071699.0
2018-09-14,165.37,169.6,164.22,168.05,49220002.0
2018-09-17,167.28,169.07,164.17,166.27,40920040.0
2018-09-18,166.28,168.4,162.74,164.2,43528503.0
2018-09-19,164.78,166.92,162.04,163.92,52938469.0
2018-09-21,164.68,166.98,153.82,162.33,73418615.0
2018-09-24,162.2,164.14,156.05,159.05,47614360.0
2018-09-25,158.41,162.52,155.43,160.13,52929213.0
2018-09-26,160.93,163.17,158.04,160.48,51372909.0
2018-09-27,160.92,164.29,157.44,159.61,61836822.0
2018-09-28,159.98,162.59,154.14,157.34,74670879.0
2018-10-01,157.03,159.02,150.71,155.42,63742270.0
2018-10-03,155.05,156.68,150.46,152.6,55147819.0
2018-10-04,150.42,153.61,147.19,151.19,44339568.0
2018-10-05,150.7,152.17,145.26,147.02,43156420.0
2018-10-08,146.62,149.72,143.08,146.93,51197477.0
2018-10-09,147.55,149.65,142.69,145.08,45952018.0
2018-10-10,145.11,149.75,143.07,147.44,52214238.0
2018-10-11,143.96,147.07,140.86,144.55,47290651.0
2018-10-12,146.22,150.77,145.03,149.03,58937340.0
2018-10-15,149.7,151.7,146.01,149.02,147082047.0
2018-10-16,150.01,153.86,148.49,151.5,111588152.0
2018-10-17,153.12,154.5,147.98,149.13,64110809.0
2018-10-19,147.83,149.73,143.2,145.6,54995855.0
2018-10-22,146.4,147.48,140.65,142.3,43389808.0
2018-10-23,139.72,142.15,135.24,137.81,64697614.0
2018-10-24,139.28,142.05,136.15,139.01,56936079.0
2018-10-25,137.87,140.79,135.63,138.71,57418282.0
2018-10-26,138.72,140.69,135.67,138.08,64035517.0
2018-10-29,139.0,141.86,137.22,139.95,67525519.0
2018-10-30,140.19,143.23,138.43,140.99,52839468.0
2018-10-31,141.34,145.54,138.27,143.4,59788634.0
2018-11-01,143.84,147.41,141.67,145.22,76792786.0
2018-11-02,146.71,152.98,145.41,148.46,76969529.0
2018-11-05,148.59,151.04,145.89,148.85,44434115.0
2018-11-06,149.1,150.95,146.68,148.35,72641869.0
2018-11-07,149.51,150.85,148.18,149.69,15841649.0
2018-11-09,150.31,153.16,148.68,151.48,53564875.0
2018-11-12,151.81,153.79,148.33,149.81,55014810.0
2018-11-13,149.45,152.44,147.96,150.93,54139160.0
2018-11-14,152.13,155.53,150.27,152.68,52378536.0
2018-11-15,152.76,154.9,149.38,152.65,46589055.0
2018-11-16,153.15,155.42,150.97,153.21,57473077.0
2018-11-19,153.8,156.11,151.49,153.91,44459190.0
2018-11-20,153.81,155.35,151.22,152.31,36855642.0
2018-11-21,153.29,155.81,151.28,154.15,40295172.0
2018-11-22,154.71,155.89,151.33,152.59,46256066.0
2018-11-26,153.71,155.56,151.31,153.55,55015497.0
2018-11-27,153.48,155.55,151.71,154.02,75880664.0
2018-11-28,154.44,155.77,151.63,152.83,140294387.0
2018-11-29,153.7,156.04,152.07,154.16,73509784.0
2018-11-30,154.45,156.96,152.69,154.38,61938351.0
2018-12-03,155.03,157.38,153.15,155.22,40209394.0
2018-12-04,155.43,157.11,153.07,154.23,60143050.0
2018-12-05,153.95,155.17,151.32,152.67,59061078.0
2018-12-06,151.89,152.76,147.88,149.23,52672221.0
2018-12-07,150.17,152.33,148.54,150.82,36598386.0
2018-12-10,148.12,149.89,145.37,147.07,33212704.0
2018-12-11,145.64,151.86,144.38,150.3,41956795.0
2018-12-12,150.87,154.79,149.76,153.47,49524509.0
2018-12-13,154.65,156.32,152.07,153.73,49290637.0
2018-12-14,155.68,157.68,153.12,155.34,54847733.0
2018-12-17,155.52,157.39,153.7,155.72,31733325.0
2018-12-18,155.63,157.78,154.06,156.61,43980030.0
2018-12-19,157.59,162.55,156.61,159.91,81471053.0
2018-12-20,159.31,162.09,157.44,159.68,52450953.0
2018-12-21,159.9,161.19,155.89,157.18,48855347.0
2018-12-24,156.66,158.27,153.49,154.53,41020025.0
2018-12-26,154.5,157.69,151.61,156.11,39843319.0
2018-12-27,156.46,158.81,154.29,155.99,42999443.0
2018-12-28,156.56,159.03,155.17,157.29,43303689.0
2018-12-31,157.94,159.56,156.09,157.82,34677047.0
2019-01-01,158.12,159.61,155.8,157.78,41372523.0
2019-01-02,157.48,159.15,155.32,156.74,42698059.0
2019-01-03,156.98,158.62,154.14,155.48,43468671.0
2019-01-04,155.77,157.4,153.53,155.66,35782663.0
2019-01-07,156.47,158.54,154.6,156.21,43719604.0
2019-01-08,156.28,157.86,154.2,156.4,50152854.0
2019-01-09,156.74,157.93,153.7,154.94,38981580.0
2019-01-10,154.99,156.54,153.58,155.01,62860597.0
2019-01-11,155.17,156.35,152.87,154.12,44626521.0
2019-01-14,154.39,155.72,151.84,153.57,35766055.0
2019-01-15,153.89,156.58,152.77,154.93,119819508.0
2019-01-16,155.46,157.43,153.91,155.29,50495293.0
2019-01-17,155.6,156.94,153.3,154.55,35492051.0
2019-01-18,154.92,155.92,152.4,153.99,29736923.0
2019-01-21,153.99,155.85,152.12,153.88,44092123.0
2019-01-22,153.85,155.57,150.81,153.38,54549490.0
2019-01-23,153.05,154.97,150.69,152.06,37069891.0
2019-01-24,152.41,153.88,150.02,151.66,33871047.0
2019-01-25,152.27,153.33,145.81,147.35,47640732.0
2019-01-28,147.53,149.03,143.17,145.21,48826427.0
2019-01-29,145.12,148.62,143.29,146.13,45728422.0
2019-01-30,146.39,149.04,143.92,146.95,40132786.0
2019-01-31,147.49,150.43,145.8,148.84,49412565.0
2019-02-01,149.28,152.39,146.95,149.73,59721899.0
2019-02-04,149.03,150.6,145.91,148.38,46319047.0
2019-02-05,148.34,150.51,146.13,148.1,48956858.0
2019-02-06,148.71,151.44,146.77,149.76,45199393.0
2019-02-07,149.78,153.12,148.58,151.41,50007374.0
2019-02-08,151.14,152.92,148.06,149.62,38940564.0
2019-02-11,149.58,150.64,145.88,147.28,39333200.0
2019-02-12,147.19,149.44,145.51,147.61,34592981.0
2019-02-14,146.74,148.74,144.52,146.7,58125733.0
2019-02-15,146.59,147.84,142.89,145.76,50897024.0
2019-02-18,145.93,146.93,141.65,143.82,44072399.0
2019-02-19,143.79,146.72,142.41,144.76,45207298.0
2019-02-20,145.11,148.45,143.99,147.16,34613202.0
2019-02-21,147.1,150.02,145.84,148.64,34303266.0
2019-02-22,148.54,150.73,146.99,149.25,38078061.0
2019-02-25,149.75,152.6,148.12,151.09,34799540.0
2019-02-26,149.98,153.39,147.84,151.75,40819822.0
2019-02-27,152.66,156.44,150.82,153.47,61855967.0
2019-02-28,153.97,155.29,151.03,152.77,41113348.0
2019-03-01,153.25,156.41,151.9,154.49,62517380.0
2019-03-05,155.1,159.23,153.69,157.95,75442208.0
2019-03-06,158.59,161.01,156.26,158.57,64021796.0
2019-03-07,158.95,160.75,156.52,158.25,56498226.0
2019-03-08,158.25,160.43,156.35,158.81,55913499.0
2019-03-11,159.17,163.56,158.19,162.36,62184681.0
2019-03-12,163.17,166.23,161.81,163.86,114550479.0
2019-03-13,164.24,165.51,160.86,162.43,90037005.0
2019-03-14,162.96,164.66,159.65,161.45,76471011.0
2019-03-15,161.74,164.22,159.35,160.67,71285622.0
2019-03-18,161.36,163.21,159.06,160.98,61354076.0
2019-03-19,161.23,163.57,159.78,161.72,51513959.0
2019-03-20,162.31,163.22,159.66,160.86,39975701.0
2019-03-22,161.26,163.33,159.27,161.15,58271386.0
2019-03-25,160.56,161.43,157.67,159.0,41496682.0
2019-03-26,159.29,162.56,157.95,161.07,45363554.0
2019-03-27,161.84,164.09,159.15,161.09,56450604.0
2019-03-28,161.42,164.28,159.78,162.4,55447764.0
2019-04-01,165.53,168.79,163.77,165.52,84358435.0
2019-04-02,165.89,168.14,163.04,165.36,59317822.0
2019-04-03,165.7,167.89,162.96,164.39,48707796.0
2019-04-04,164.95,167.58,163.21,165.55,61791253.0
2019-04-05,166.13,168.66,164.47,166.87,48051956.0
2019-04-08,167.66,168.74,164.19,165.6,54534458.0
2019-04-09,164.89,166.45,162.14,164.61,46353263.0
2019-04-10,164.71,166.18,162.09,163.51,39683499.0
2019-04-11,163.57,165.61,162.1,164.23,34894061.0
2019-04-12,164.51,166.91,163.28,165.5,47615457.0
2019-04-15,166.19,168.09,164.4,166.3,39950993.0
2019-04-16,166.77,169.44,165.67,168.09,46452455.0
2019-04-18,168.45,169.93,165.75,167.76,43452284.0
2019-04-22,166.93,168.06,163.89,165.11,36968747.0
2019-04-23,165.47,167.22,163.3,164.72,38249507.0
2019-04-24,164.43,168.17,162.08,166.64,57520847.0
2019-04-25,166.93,172.04,165.52,169.09,65241095.0
2019-04-26,169.61,170.98,166.82,168.84,39176149.0
2019-04-30,169.02,170.81,165.81,167.98,58712279.0
2019-05-02,167.76,169.63,164.9,166.85,46519992.0
2019-05-03,167.0,168.74,164.45,166.16,43430383.0
2019-05-06,164.95,166.96,162.92,164.57,31884405.0
2019-05-07,165.35,166.88,161.62,163.15,46073543.0
2019-05-08,162.86,164.32,160.12,162.07,43784519.0
2019-05-09,161.67,163.29,159.12,160.91,34759138.0
2019-05-10,160.56,162.37,158.05,160.06,39992608.0
2019-05-13,159.82,160.92,155.94,157.45,69218396.0
2019-05-14,157.15,159.89,154.38,157.95,46176012.0
2019-05-15,158.41,159.75,154.58,155.87,45736865.0
2019-05-16,155.85,159.36,153.74,157.67,34291344.0
2019-05-17,157.6,160.46,155.74,158.86,45112839.0
2019-05-20,162.2,168.16,160.4,166.06,64889558.0
2019-05-21,167.11,168.6,162.41,163.9,45969226.0
2019-05-22,164.21,166.07,161.81,164.21,35399792.0
2019-05-23,166.55,170.32,163.19,165.47,62077302.0
2019-05-24,166.87,170.9,164.83,169.1,75973064.0
2019-05-27,169.53,174.45,167.54,172.0,75395287.0
2019-05-28,172.55,174.6,169.51,171.57,83571265.0
2019-05-29,171.36,172.61,168.69,170.47,43563084.0
2019-05-30,170.54,173.04,168.76,170.79,57409626.0
2019-05-31,171.25,174.2,168.23,171.29,81885786.0
2019-06-03,172.11,174.84,170.51,173.48,43147913.0
2019-06-04,172.95,174.95,169.32,170.6,50042519.0
2019-06-06,171.36,172.86,166.21,167.97,60534867.0
2019-06-07,167.88,170.56,165.89,167.89,64113485.0
2019-06-10,168.46,170.42,166.55,168.51,88099241.0
2019-06-11,169.0,170.36,166.9,168.81,71701378.0
2019-06-12,168.75,170.16,166.55,168.19,50412813.0
2019-06-13,168.35,169.92,166.12,168.46,58452004.0
2019-06-14,168.0,169.32,165.33,166.51,36509627.0
2019-06-17,166.7,167.68,162.45,163.64,54155137.0
2019-06-18,163.56,166.46,161.22,163.83,91624049.0
2019-06-19,164.46,165.98,161.0,162.61,167422861.0
2019-06-20,162.07,166.69,159.86,165.28,219131758.0
2019-06-21,165.09,167.18,163.08,165.05,119716338.0
2019-06-24,165.12,167.23,162.88,164.42,104133906.0
2019-06-25,164.1,166.7,162.44,165.34,101257886.0
2019-06-26,164.91,167.8,163.94,166.12,84268432.0
2019-06-27,166.38,168.55,164.87,166.52,80362811.0
2019-06-28,166.78,168.18,164.11,165.77,52750118.0
2019-07-01,166.44,168.24,164.02,165.6,40754768.0
2019-07-02,166.14,167.6,164.18,165.93,33728909.0
2019-07-03,166.47,167.95,164.85,166.21,43872159.0
2019-07-04,166.65,168.7,165.26,167.11,35567154.0
2019-07-05,167.61,169.24,163.42,164.71,45902034.0
2019-07-08,164.31,165.12,159.09,161.0,37256852.0
2019-07-09,160.91,164.47,158.18,162.29,33956814.0
2019-07-10,162.07,164.09,160.15,161.68,35874597.0
2019-07-11,161.96,164.26,160.48,162.79,33230077.0
2019-07-12,162.9,165.63,161.38,163.73,35271464.0
2019-07-15,163.94,165.52,161.56,163.83,26324496.0
2019-07-16,163.87,165.88,162.22,164.54,35353321.0
2019-07-17,164.75,166.93,163.41,165.0,40828712.0
2019-07-18,164.98,165.96,162.41,163.48,34445783.0
2019-07-19,164.75,166.63,159.73,161.28,61275950.0
2019-07-22,160.93,163.57,158.09,161.78,36755518.0
2019-07-23,161.94,164.56,159.69,161.86,41118234.0
2019-07-24,161.98,164.18,158.2,161.38,48928152.0
2019-07-25,161.3,164.43,159.57,162.06,42631457.0
2019-07-26,162.08,164.7,160.18,163.4,37271211.0
2019-07-29,163.36,165.16,158.71,160.41,46559697.0
2019-07-30,160.31,162.46,156.64,158.08,59800533.0
2019-07-31,157.43,160.16,154.49,158.52,44211862.0
2019-08-01,157.75,159.38,153.97,156.12,34510570.0
2019-08-02,155.66,159.39,153.67,157.71,36066098.0
2019-08-05,156.74,158.84,153.7,156.08,51134084.0
2019-08-06,155.36,161.23,154.68,159.73,62719070.0
2019-08-07,159.75,162.78,157.81,159.69,61136755.0
2019-08-08,160.36,162.64,156.3,159.74,42923351.0
2019-08-09,161.05,164.37,159.09,161.55,41425677.0
2019-08-13,161.56,163.04,157.33,159.01,45080493.0
2019-08-14,159.25,162.1,157.35,159.89,40559490.0
2019-08-16,159.8,162.12,157.31,160.42,31817602.0
2019-08-19,161.0,162.55,158.29,159.55,34211812.0
2019-08-20,159.77,160.83,156.25,157.72,35359200.0
2019-08-21,157.56,158.71,154.09,155.35,36504726.0
2019-08-22,154.99,156.21,151.55,152.91,40060557.0
2019-08-23,152.63,155.76,150.71,153.96,44836003.0
2019-08-26,155.98,158.74,152.33,157.3,43671402.0
2019-08-27,158.4,162.03,156.69,159.48,53951654.0
2019-08-28,159.66,161.47,157.06,158.8,41071309.0
2019-08-29,158.63,160.25,155.59,157.49,36057600.0
2019-08-30,157.8,159.56,155.42,157.75,40006411.0
2019-09-03,156.92,158.07,152.55,153.85,34733109.0
2019-09-04,153.85,155.14,150.85,152.9,38429912.0
2019-09-05,153.34,155.06,151.52,152.97,34966213.0
2019-09-06,153.51,155.8,152.35,154.31,34916553.0
2019-09-09,154.47,156.81,152.69,154.92,35062787.0
2019-09-11,155.61,158.35,154.35,156.81,59848735.0
2019-09-12,157.53,159.78,155.43,156.98,62560081.0
2019-09-13,157.32,159.72,155.23,158.34,43931215.0
2019-09-16,157.33,160.23,155.57,157.99,67385071.0
2019-09-17,158.17,159.43,154.5,155.84,53405826.0
2019-09-18,156.69,158.32,154.75,156.32,43219263.0
2019-09-19,156.66,157.6,153.16,154.5,42424295.0
2019-09-20,154.77,169.6,152.64,165.59,95920197.0
2019-09-23,168.03,176.07,166.22,172.92,69782211.0
2019-09-24,173.14,174.77,168.59,171.06,48368159.0
2019-09-25,171.27,172.47,166.34,168.54,42326305.0
2019-09-26,169.14,172.9,167.48,170.51,52584306.0
2019-09-27,170.31,172.37,167.29,169.86,34892037.0
2019-09-30,169.82,171.23,165.72,168.24,39098828.0
2019-10-01,168.93,170.8,163.35,165.56,40229848.0
2019-10-03,165.15,166.69,161.6,163.56,31899858.0
2019-10-04,164.19,165.31,159.62,160.8,35992665.0
2019-10-07,161.17,162.58,157.49,159.14,31409073.0
2019-10-09,159.39,164.26,157.91,162.94,40303563.0
2019-10-10,162.74,165.61,160.35,162.54,42947616.0
2019-10-11,163.15,165.67,161.34,163.85,32882853.0
2019-10-14,164.12,167.15,162.82,165.34,27327869.0
2019-10-15,165.97,167.78,163.89,165.82,37203364.0
2019-10-16,166.78,168.72,164.3,166.17,38358266.0
2019-10-17,166.36,169.09,163.95,167.63,37087633.0
2019-10-18,168.01,172.16,166.53,170.31,48892483.0
2019-10-22,171.1,174.28,166.98,168.82,50862300.0
2019-10-23,168.81,171.61,166.82,168.78,43507949.0
2019-10-24,169.63,171.57,166.23,169.34,38314836.0
2019-10-25,169.64,171.43,166.82,168.63,36930424.0
2019-10-27,169.65,171.23,167.81,169.2,10435563.0
2019-10-29,169.51,171.76,166.67,169.59,43743086.0
2019-10-30,170.98,172.95,168.4,170.28,40850952.0
2019-10-31,170.93,173.79,168.86,171.5,43449224.0
2019-11-01,171.85,174.21,168.68,170.32,48019135.0
2019-11-04,171.41,174.47,169.32,171.78,64547482.0
2019-11-05,172.03,173.44,168.34,170.01,49008531.0
2019-11-06,170.32,172.32,168.11,169.98,50244158.0
2019-11-07,171.05,173.49,169.33,171.62,50756291.0
2019-11-08,171.5,173.52,168.49,169.85,50616850.0
2019-11-11,169.37,171.24,167.28,169.09,38168071.0
2019-11-13,169.23,171.38,166.54,167.89,43414023.0
2019-11-14,167.99,170.82,165.41,167.48,38969813.0
2019-11-15,168.21,170.23,166.0,168.15,33835578.0
2019-11-18,168.43,170.6,166.48,168.31,33024577.0
2019-11-19,168.69,170.19,166.41,168.13,32748914.0
2019-11-20,168.58,170.78,167.0,168.54,46776979.0
2019-11-21,168.79,169.91,166.43,167.57,58244663.0
2019-11-22,167.49,169.34,165.2,167.28,37826797.0
2019-11-25,167.81,170.51,166.13,169.18,39740321.0
2019-11-26,169.64,171.94,166.71,168.76,85716130.0
2019-11-27,169.04,172.55,167.39,170.49,41152410.0
2019-11-28,170.72,172.97,168.9,171.3,32434622.0
2019-11-29,171.42,173.34,168.95,170.88,43855683.0
2019-12-02,171.4,173.7,169.45,171.73,75070138.0
2019-12-03,171.94,173.29,168.39,170.07,57131170.0
2019-12-04,169.83,171.7,167.87,170.14,56179736.0
2019-12-05,170.1,172.15,167.68,169.36,54406426.0
2019-12-06,169.96,171.79,167.46,168.88,37903963.0
2019-12-09,169.33,170.74,167.16,168.67,40353775.0
2019-12-10,168.86,169.86,165.85,166.93,31385135.0
2019-12-11,167.29,168.93,164.85,166.94,45342659.0
2019-12-12,167.35,168.85,165.78,167.3,30791232.0
2019-12-13,167.95,170.37,166.53,168.89,53630210.0
2019-12-16,168.95,170.31,166.58,167.82,58598484.0
2019-12-17,168.23,170.78,166.89,169.27,69040809.0
2019-12-18,169.44,171.12,166.68,168.93,43422931.0
2019-12-19,169.03,171.03,167.46,169.21,49986733.0
2019-12-20,169.3,171.39,167.76,169.59,41899168.0
2019-12-23,169.39,171.71,167.54,169.46,32069883.0
2019-12-24,170.12,171.27,168.04,169.17,26249180.0
2019-12-26,169.36,170.92,167.79,169.03,27657538.0
2019-12-27,169.5,170.93,167.84,169.37,36602532.0
2019-12-30,169.74,171.44,167.9,169.37,55598604.0
2019-12-31,169.58,171.39,167.73,169.49,54549939.0
2020-01-01,170.02,171.46,168.67,169.96,32076571.0
2020-01-02,170.15,175.21,169.14,173.62,65115961.0
2020-01-03,173.4,175.03,170.74,172.41,68850372.0
2020-01-06,171.4,172.12,166.95,168.7,62235736.0
2020-01-07,169.68,173.41,168.39,171.31,45987909.0
2020-01-08,169.41,174.25,168.25,172.6,58233010.0
2020-01-09,174.39,177.19,172.97,175.68,59809627.0
2020-01-10,176.17,179.29,174.51,177.28,68978367.0
2020-01-13,178.05,180.63,176.65,178.62,47963332.0
2020-01-14,178.85,181.36,177.19,179.53,73283658.0
2020-01-15,179.42,182.39,177.71,181.0,91117540.0
2020-01-16,181.51,183.94,178.77,180.81,55031134.0
2020-01-17,180.47,183.71,178.58,181.73,60085394.0
2020-01-20,182.19,183.94,179.9,181.34,37655312.0
2020-01-21,181.03,182.79,178.19,179.97,52985237.0
2020-01-22,180.68,182.7,177.83,179.67,46063088.0
2020-01-23,179.74,182.76,178.2,181.22,44091845.0
2020-01-24,181.72,185.02,179.82,183.28,45383745.0
2020-01-27,182.89,186.82,181.68,183.93,56074430.0
2020-01-28,184.31,186.4,181.3,182.96,54282715.0
2020-01-29,183.74,186.08,181.28,183.18,61725614.0
2020-01-30,183.38,184.58,180.02,181.95,58721575.0
2020-01-31,182.47,184.14,178.65,180.11,48187769.0
2020-02-03,175.65,181.92,173.88,180.04,42972156.0
2020-02-04,181.2,185.68,179.58,183.93,48282279.0
2020-02-05,184.3,187.11,181.81,184.4,48146999.0
2020-02-06,185.02,187.01,182.01,184.39,47696030.0
2020-02-07,184.75,187.35,182.65,184.6,39810713.0
2020-02-10,185.18,186.62,181.34,183.81,45850925.0
2020-02-11,184.83,187.62,182.76,184.85,61896691.0
2020-02-12,185.45,187.85,183.07,184.81,50174449.0
2020-02-13,184.61,186.61,182.31,184.19,32674802.0
2020-02-14,184.53,187.2,181.65,183.38,38612710.0
2020-02-17,183.46,185.38,180.93,182.89,27375075.0
2020-02-18,182.68,183.94,178.97,181.64,38552929.0
2020-02-19,184.73,187.97,182.59,185.73,37572246.0
2020-02-20,185.33,188.07,182.85,184.54,45505064.0
2020-02-24,183.98,186.6,180.36,182.67,45452244.0
2020-02-25,183.15,184.97,180.31,181.65,60022555.0
2020-02-26,181.23,183.86,178.86,180.85,102967410.0
2020-02-27,180.87,183.41,177.21,180.82,67262849.0
2020-02-28,177.7,180.42,172.99,175.56,85245011.0
2020-03-02,177.26,180.6,171.15,173.64,39407670.0
2020-03-03,174.71,179.27,172.23,176.54,39615901.0
2020-03-04,177.05,179.28,171.26,174.77,45839908.0
2020-03-05,175.34,178.02,172.95,175.14,39088251.0
2020-03-06,170.15,175.28,168.08,173.56,36012671.0
2020-03-09,171.09,174.11,165.42,168.97,49037272.0
2020-03-11,168.94,171.89,164.85,167.47,47243106.0
2020-03-12,162.35,164.41,152.72,156.64,61749372.0
2020-03-13,146.82,164.44,137.3,158.71,67173954.0
2020-03-16,154.2,157.46,145.35,149.67,53620683.0
2020-03-17,149.72,155.1,144.97,148.69,51870994.0
2020-03-18,150.16,152.07,137.63,140.95,55574518.0
2020-03-19,133.95,142.62,125.7,134.86,64767614.0
2020-03-20,135.11,147.84,131.8,143.8,60971412.0
2020-03-23,131.22,137.44,121.33,124.77,43632114.0
2020-03-24,127.64,133.12,119.92,124.97,38313349.0
2020-03-25,121.54,132.55,119.55,129.77,43557715.0
2020-03-26,130.5,137.72,127.33,133.66,56775638.0
2020-03-27,138.04,140.33,128.76,132.98,39948621.0
2020-03-30,130.62,135.01,126.72,130.95,48350649.0
2020-03-31,133.95,138.46,130.49,135.74,41829089.0
2020-04-01,135.76,136.87,129.92,132.31,54919324.0
2020-04-03,132.99,134.11,125.87,127.84,42168026.0
2020-04-07,131.27,137.18,128.42,135.07,45331711.0
2020-04-08,134.55,139.6,131.32,133.33,51412391.0
2020-04-09,135.49,140.08,133.39,137.56,52481351.0
2020-04-13,137.9,144.38,133.11,139.82,81859006.0
2020-04-15,141.93,147.27,139.66,143.27,81426325.0
2020-04-16,142.51,147.01,139.81,144.5,55271383.0
2020-04-17,147.7,149.95,143.42,146.11,57962867.0
2020-04-20,147.59,149.05,143.51,145.31,45245468.0
2020-04-21,143.89,145.74,140.06,142.77,37231594.0
2020-04-22,142.96,147.97,140.69,145.99,45573304.0
2020-04-23,146.29,149.09,143.83,145.95,44013676.0
2020-04-24,145.41,147.57,142.24,143.82,40200022.0
2020-04-27,145.31,148.09,142.93,145.84,63980472.0
2020-04-28,147.22,148.93,143.6,145.22,61689421.0
2020-04-29,145.96,148.16,142.6,144.87,67714696.0
2020-04-30,146.5,149.71,143.69,146.59,87786544.0
2020-05-04,143.0,144.99,138.35,139.55,44082156.0
2020-05-05,140.72,142.45,135.51,137.28,40756636.0
2020-05-06,137.65,140.8,134.97,138.21,47990228.0
2020-05-07,138.25,140.42,134.2,136.68,42201161.0
2020-05-08,138.4,140.06,135.28,136.61,35950848.0
2020-05-11,137.95,140.51,135.64,137.34,41169177.0
2020-05-12,136.5,138.39,133.47,136.46,36901067.0
2020-05-13,141.21,143.86,137.82,140.57,69700234.0
2020-05-14,139.76,142.04,136.99,139.07,51737605.0
2020-05-15,140.09,141.43,137.06,139.53,62387218.0
2020-05-18,139.9,140.35,132.32,133.4,66015236.0
2020-05-19,134.91,137.49,132.43,134.95,46439728.0
2020-05-20,135.14,139.82,133.67,137.68,95316503.0
2020-05-21,138.32,142.24,136.04,140.37,76448166.0
2020-05-22,139.93,144.48,137.72,142.48,65890453.0
2020-05-26,143.35,147.55,141.66,145.12,72883850.0
2020-05-27,145.76,147.37,142.19,144.93,53367271.0
2020-05-28,145.43,149.27,143.93,147.54,59227359.0
2020-05-29,147.65,152.84,146.16,150.32,77005050.0
2020-06-01,152.0,155.22,149.57,151.93,86355850.0
2020-06-02,152.76,156.05,150.88,154.22,114866707.0
2020-06-03,156.47,158.79,153.54,155.63,125394159.0
2020-06-04,156.01,157.61,150.89,153.25,176761220.0
2020-06-05,154.65,158.83,153.01,156.57,125329480.0
2020-06-08,158.64,160.19,153.27,154.84,106477750.0
2020-06-09,156.05,158.48,152.14,153.58,82142336.0
2020-06-10,154.14,157.13,152.56,154.53,64962415.0
2020-06-11,154.87,156.53,151.03,152.07,78161367.0
2020-06-12,147.37,157.03,146.63,155.34,93019500.0
2020-06-15,155.09,157.13,151.75,153.82,52860978.0
2020-06-16,156.01,157.78,151.9,154.29,54189292.0
2020-06-17,154.01,156.92,151.66,153.92,74653014.0
2020-06-18,154.28,157.13,152.61,155.37,69009283.0
2020-06-19,156.32,159.79,154.59,157.39,102758231.0
2020-06-22,158.44,161.58,156.4,159.09,97041750.0
2020-06-23,160.15,164.28,158.65,162.65,69499486.0
2020-06-24,163.71,169.23,159.55,162.98,109359058.0
2020-06-25,162.51,165.59,159.17,161.46,70047332.0
2020-06-26,163.0,165.21,160.18,162.74,75951122.0
2020-06-29,162.63,164.16,159.12,161.83,103792244.0
2020-06-30,162.92,165.87,160.56,163.09,80037702.0
2020-07-01,163.63,165.47,161.35,163.15,53431937.0
2020-07-02,164.2,166.19,162.08,164.09,49851295.0
2020-07-03,165.1,167.16,162.67,164.41,81198437.0
2020-07-06,165.13,167.43,163.57,165.78,76325302.0
2020-07-07,165.84,167.63,163.07,165.19,73119955.0
2020-07-08,165.55,166.92,161.04,162.13,56415683.0
2020-07-09,162.63,165.15,161.15,163.72,66858011.0
2020-07-10,163.25,164.77,160.32,161.65,184778601.0
2020-07-13,162.24,164.51,160.13,161.59,89855855.0
2020-07-14,161.3,162.63,158.02,159.49,51689898.0
2020-07-15,160.18,162.2,157.72,159.07,69666456.0
2020-07-16,159.47,160.84,155.69,159.17,39047714.0
2020-07-17,159.3,162.78,158.31,161.26,43077168.0
2020-07-20,161.61,163.92,159.94,162.19,53899015.0
2020-07-21,163.54,165.96,160.98,162.43,74932685.0
2020-07-22,162.69,164.35,159.53,161.3,58837415.0
2020-07-23,161.21,164.03,159.42,161.4,52462634.0
2020-07-24,161.12,162.82,157.8,160.3,107508025.0
2020-07-27,161.18,164.47,158.88,161.95,63727409.0
2020-07-28,162.45,167.5,160.23,164.85,136343891.0
2020-07-29,165.45,168.67,163.49,165.36,65842351.0
2020-07-30,166.26,168.61,163.23,165.27,55705755.0
2020-07-31,165.92,168.88,163.14,165.73,90953784.0
2020-08-03,166.22,168.38,163.4,165.23,50184433.0
2020-08-04,166.0,168.5,163.98,165.96,55687401.0
2020-08-05,166.98,170.01,165.33,167.49,57838706.0
2020-08-06,168.45,170.96,165.93,168.29,67338073.0
2020-08-07,168.67,172.98,166.19,169.92,107547203.0
2020-08-10,170.93,172.98,167.88,169.73,66407942.0
2020-08-11,170.19,173.31,167.65,169.35,69884143.0
2020-08-12,169.12,171.52,166.78,169.74,91321283.0
2020-08-13,171.08,173.18,168.35,170.37,105468888.0
2020-08-14,171.13,173.1,167.69,169.47,88038426.0
2020-08-17,170.69,172.68,167.56,170.44,95661607.0
2020-08-18,170.61,176.38,169.75,174.98,96771879.0
2020-08-19,176.14,178.14,173.99,175.91,89690878.0
2020-08-20,174.99,177.72,173.27,175.66,88897166.0
2020-08-21,176.98,181.75,175.34,179.15,110278046.0
2020-08-24,180.18,182.87,177.46,179.29,82726964.0
2020-08-25,179.99,182.44,176.73,179.45,94366510.0
2020-08-26,179.92,181.49,176.51,178.24,81459436.0
2020-08-27,178.94,181.59,176.71,178.6,99080206.0
2020-08-28,179.51,181.72,176.43,177.99,76790191.0
2020-08-31,179.07,180.53,169.0,171.18,91006277.0
2020-09-01,171.8,175.91,168.15,173.37,51887877.0
2020-09-02,173.47,177.61,171.02,174.58,68038220.0
2020-09-03,175.62,178.85,173.26,175.99,61961517.0
2020-09-04,173.45,176.88,171.62,173.52,53287696.0
2020-09-07,174.11,176.95,170.74,173.52,54315819.0
2020-09-08,173.94,175.61,169.95,171.21,51934401.0
2020-09-09,170.36,173.22,167.64,170.77,56622036.0
2020-09-10,171.89,176.6,170.42,174.77,47015425.0
2020-09-11,175.37,176.93,172.38,174.34,48953315.0
2020-09-14,175.83,180.21,173.67,177.35,71618055.0
2020-09-15,178.37,181.08,175.77,178.75,91584920.0
2020-09-16,179.04,181.43,176.9,179.48,62087915.0
2020-09-17,178.62,181.74,176.97,178.54,59175088.0
2020-09-18,179.08,181.52,176.13,178.53,67983519.0
2020-09-21,178.87,180.23,171.33,173.12,51361680.0
2020-09-22,173.44,175.42,167.56,171.3,48322312.0
2020-09-23,171.86,174.89,168.82,171.62,88482029.0
2020-09-24,170.2,171.69,165.71,167.55,38380423.0
2020-09-25,168.4,172.51,166.69,170.4,93069934.0
2020-09-28,171.79,175.79,170.63,173.83,84816983.0
2020-09-29,175.14,178.39,172.42,175.35,62574782.0
2020-09-30,176.0,179.17,173.53,176.81,67854395.0
2020-10-01,178.46,181.2,176.14,179.3,150186115.0
2020-10-05,179.98,181.52,176.62,178.54,129072271.0
2020-10-06,179.62,183.09,178.04,181.38,90093882.0
2020-10-07,181.42,185.53,179.45,183.09,122571995.0
2020-10-08,183.82,186.36,180.79,183.92,101690198.0
2020-10-09,184.0,186.18,180.86,182.72,63109009.0
2020-10-12,183.19,185.68,180.13,182.98,50585893.0
2020-10-13,183.56,188.32,181.49,183.8,95447208.0
2020-10-14,183.84,186.77,181.26,185.04,63078707.0
2020-10-15,185.45,187.92,181.77,183.54,82957579.0
2020-10-16,183.98,187.54,181.88,185.65,74371528.0
2020-10-19,186.43,188.63,184.03,186.54,60163516.0
2020-10-20,187.29,191.05,185.13,188.43,84270175.0
2020-10-21,189.13,192.21,185.24,189.63,87444468.0
2020-10-22,189.97,192.62,186.7,189.93,87997443.0
2020-10-23,190.96,193.58,187.05,189.5,151463043.0
2020-10-26,190.0,191.31,185.25,187.18,72616962.0
2020-10-27,187.31,194.58,185.82,192.42,77273084.0
2020-10-28,192.77,194.64,188.45,189.8,53373460.0
2020-10-29,188.9,193.84,187.18,192.1,56911177.0
2020-10-30,191.94,195.91,189.64,192.1,78188061.0
2020-11-02,192.18,194.26,189.3,191.45,45286544.0
2020-11-03,192.54,194.56,189.76,191.94,53468408.0
2020-11-04,192.21,195.22,190.13,192.41,49845281.0
2020-11-05,194.15,198.07,192.55,196.42,63158650.0
2020-11-06,196.94,199.0,193.54,195.0,69345682.0
2020-11-09,196.84,199.3,194.32,196.98,69766429.0
2020-11-10,197.91,201.18,194.73,197.01,69973502.0
2020-11-11,197.54,200.87,194.79,198.24,94182036.0
2020-11-12,198.4,201.88,196.28,199.54,78119571.0
2020-11-13,199.9,203.29,197.92,200.98,97713296.0
2020-11-14,202.55,203.73,200.51,201.99,28524685.0
2020-11-17,202.91,207.11,200.77,204.29,87171572.0
2020-11-18,204.05,207.28,201.34,204.65,77908494.0
2020-11-19,203.73,207.27,200.28,202.51,119200879.0
2020-11-20,203.35,206.37,200.99,203.83,85289315.0
2020-11-23,204.66,207.84,202.29,205.45,102436892.0
2020-11-24,206.15,208.6,203.76,205.69,82336207.0
2020-11-25,206.44,208.18,201.3,202.6,79941733.0
2020-11-26,203.45,207.16,200.55,204.85,102855235.0
2020-11-27,205.58,210.55,202.78,207.39,102938517.0
2020-12-01,210.0,214.0,206.19,210.19,82955685.0
2020-12-02,210.65,214.67,207.93,212.31,86815033.0
2020-12-03,213.69,216.9,210.51,214.33,188583795.0
2020-12-04,215.21,219.99,211.94,216.29,126675742.0
2020-12-07,217.39,220.53,214.53,217.43,171604623.0
2020-12-08,218.09,221.32,214.33,217.25,143454897.0
2020-12-09,218.12,221.55,214.81,217.88,108735466.0
2020-12-10,217.37,219.15,212.75,215.02,76583107.0
2020-12-11,215.4,217.72,212.66,215.02,74674839.0
2020-12-14,215.96,218.88,214.09,216.73,66435611.0
2020-12-15,216.85,219.72,214.1,217.34,73559530.0
2020-12-16,218.44,221.61,216.34,219.17,84946777.0
2020-12-17,219.71,223.42,217.7,219.75,118436593.0
2020-12-18,219.85,223.22,217.41,220.35,87903528.0
2020-12-21,220.18,221.75,208.35,212.87,116381059.0
2020-12-22,212.79,217.71,206.99,215.02,102431822.0
2020-12-23,215.19,220.36,213.96,218.41,81834005.0
2020-12-24,221.32,223.79,216.51,219.39,91613256.0
2020-12-28,220.46,224.0,218.17,221.99,75618792.0
2020-12-29,223.05,225.05,219.86,222.42,75314677.0
2020-12-30,222.93,229.76,220.38,227.75,128916089.0
2020-12-31,228.06,230.98,224.39,227.35,163168383.0
2021-01-01,227.48,231.33,225.9,228.78,157362445.0
2021-01-04,229.97,233.16,227.29,230.57,267930615.0
2021-01-05,230.36,234.86,227.67,232.42,297806077.0
2021-01-06,233.45,237.7,229.74,234.72,360121401.0
2021-01-07,235.97,239.42,232.61,235.14,224614594.0
2021-01-08,236.64,242.27,234.39,239.86,174046460.0
2021-01-11,240.34,243.72,236.46,239.69,149422907.0
2021-01-12,239.87,242.49,234.59,236.86,125409072.0
2021-01-13,238.27,240.42,232.86,236.08,128177469.0
2021-01-14,236.52,238.94,232.15,234.56,69447767.0
2021-01-15,234.43,236.19,228.22,230.62,99528751.0
2021-01-18,230.5,232.46,223.7,227.17,116967153.0
2021-01-19,228.25,234.08,226.56,231.39,101152475.0
2021-01-20,232.16,235.57,229.22,232.97,85434769.0
2021-01-21,234.99,239.77,230.07,232.41,109148434.0
2021-01-22,234.06,236.35,226.6,228.97,78995755.0
2021-01-25,232.52,235.78,222.65,225.44,96722266.0
2021-01-27,225.71,229.26,220.09,222.61,97123295.0
2021-01-28,220.73,225.66,218.54,223.22,112886211.0
2021-01-29,225.05,227.17,218.16,220.17,79432814.0
2021-02-01,222.1,231.02,217.44,228.73,77020878.0
2021-02-02,231.02,240.88,228.03,236.29,105271599.0
2021-02-03,238.31,241.69,232.71,235.59,82170628.0
2021-02-04,236.2,241.46,232.81,238.14,105924434.0
2021-02-05,239.21,242.89,233.87,237.53,93438285.0
2021-02-08,239.24,245.05,236.3,241.63,88913669.0
2021-02-09,242.56,247.34,239.45,243.44,92160041.0
2021-02-10,244.84,249.59,240.41,244.45,96177218.0
2021-02-11,244.57,248.78,242.28,245.95,104877252.0
2021-02-12,246.38,250.48,242.16,245.99,100274446.0
2021-02-15,247.56,251.0,243.84,246.75,76219765.0
2021-02-16,247.51,250.71,243.45,246.57,70242336.0
2021-02-17,246.16,249.77,242.72,245.21,73250117.0
2021-02-18,247.25,250.23,242.08,245.8,70979274.0
2021-02-19,245.98,248.06,239.55,242.16,118116626.0
2021-02-22,242.65,245.62,237.38,239.7,70984544.0
2021-02-23,240.22,244.13,235.8,239.94,66089077.0
2021-02-24,240.95,245.76,236.59,242.3,45250020.0
2021-02-25,243.44,246.95,240.0,243.65,83285685.0
2021-02-26,241.6,246.53,233.52,236.71,102559052.0
2021-03-01,239.04,246.34,236.85,243.7,81916858.0
2021-03-02,245.37,249.14,242.07,246.23,120878516.0
2021-03-03,247.92,252.68,245.52,249.31,175382316.0
2021-03-04,247.63,256.73,245.03,253.93,168466556.0
2021-03-05,252.78,257.79,248.63,251.4,130213231.0
2021-03-08,252.3,256.12,247.76,250.31,94977495.0
2021-03-09,252.61,256.75,248.92,251.77,91900320.0
2021-03-10,253.63,256.63,250.31,254.14,71374261.0
2021-03-12,255.5,258.75,250.56,252.52,131516548.0
2021-03-15,253.84,255.49,246.42,250.46,85835663.0
2021-03-16,251.7,257.04,248.86,252.78,112001768.0
2021-03-17,253.39,255.21,246.72,248.43,81391007.0
2021-03-18,250.76,252.95,243.26,245.95,68711992.0
2021-03-19,244.73,251.18,239.15,248.35,116674457.0
2021-03-22,248.59,253.85,245.66,250.81,79630651.0
2021-03-23,251.47,256.85,248.72,253.79,79273522.0
2021-03-24,253.2,257.12,249.21,251.37,72442641.0
2021-03-25,251.89,254.33,244.44,247.22,70875934.0
2021-03-26,249.43,255.34,247.15,252.54,72174437.0
2021-03-30,255.02,260.28,251.84,256.66,62809235.0
2021-03-31,257.55,261.63,253.72,257.62,57311183.0
2021-04-01,258.79,263.26,256.45,260.73,64033964.0
2021-04-05,260.96,263.56,253.68,257.48,75212481.0
2021-04-06,258.43,263.09,254.76,259.17,71032459.0
2021-04-07,259.4,264.35,257.7,260.68,60002597.0
2021-04-08,261.91,269.18,260.21,265.71,98519738.0
2021-04-09,266.89,270.07,261.62,264.43,94995179.0
2021-04-12,260.87,262.19,250.13,253.59,86076882.0
2021-04-13,254.29,259.53,251.15,254.96,56898495.0
2021-04-15,255.76,259.1,248.49,254.24,77379630.0
2021-04-16,254.6,262.62,252.75,258.58,70735704.0
2021-04-19,253.93,257.06,247.51,252.26,79941189.0
2021-04-20,256.0,259.14,246.43,249.04,90023261.0
2021-04-22,248.26,251.53,242.65,247.68,68495250.0
2021-04-23,248.19,252.24,243.72,246.8,95455982.0
2021-04-26,248.39,253.56,246.43,250.47,91073083.0
2021-04-27,250.57,254.61,248.23,252.25,93140375.0
2021-04-28,253.59,257.31,250.84,254.45,88472236.0
2021-04-29,256.2,258.5,251.5,254.67,84521096.0
2021-04-30,253.67,257.75,248.7,252.2,100094599.0
2021-05-03,250.92,257.73,248.16,255.14,87400410.0
2021-05-04,257.18,260.21,252.29,254.3,90504563.0
2021-05-05,256.07,259.1,252.5,255.54,52092933.0
2021-05-06,256.61,258.82,252.95,256.11,63937302.0
2021-05-07,257.4,260.7,254.75,257.14,161658226.0
2021-05-10,259.7,261.86,254.09,256.59,101186771.0
2021-05-11,255.19,262.08,252.84,259.12,157715393.0
2021-05-12,259.86,262.22,254.55,256.92,184568539.0
2021-05-14,259.47,266.46,253.66,260.27,134026215.0
2021-05-17,261.66,267.61,258.15,264.34,126930927.0
2021-05-18,266.37,271.2,264.12,268.2,144055892.0
2021-05-19,268.45,275.71,265.55,269.47,148325450.0
2021-05-20,270.62,273.95,266.16,269.52,150286293.0
2021-05-21,271.5,275.1,268.5,271.2,110420103.0
2021-05-24,272.32,276.04,268.02,271.94,117140189.0
2021-05-25,273.81,277.99,269.47,273.7,105608507.0
2021-05-26,275.32,279.13,272.26,276.03,138254958.0
2021-05-27,276.83,282.05,272.0,277.96,178321123.0
2021-05-28,279.22,282.1,274.39,276.98,103527678.0
2021-05-31,277.66,282.34,274.48,278.52,90673190.0
2021-06-01,279.34,281.44,273.62,275.91,85406872.0
2021-06-02,275.9,279.97,273.01,276.93,85756285.0
2021-06-03,278.03,281.87,275.8,279.53,95444032.0
2021-06-04,280.31,283.7,276.9,279.5,89134319.0
2021-06-07,280.92,286.19,278.36,282.93,119500983.0
2021-06-08,283.91,286.33,279.77,283.1,104587377.0
2021-06-09,283.76,286.97,278.98,281.42,129988718.0
2021-06-10,282.83,287.55,280.23,284.1,228189730.0
2021-06-11,285.7,288.27,281.44,283.85,280217162.0
2021-06-14,284.19,286.87,278.68,284.45,249973919.0
2021-06-15,285.49,290.5,283.13,287.13,147861496.0
2021-06-16,287.18,289.62,282.93,284.98,201004427.0
2021-06-17,284.0,290.86,281.63,286.5,160246721.0
2021-06-18,287.29,289.82,279.26,285.4,127190477.0
2021-06-21,282.81,289.37,280.27,287.13,97183991.0
2021-06-22,288.68,293.45,284.62,288.06,110444508.0
2021-06-23,289.36,291.97,284.87,287.63,107641369.0
2021-06-24,288.2,291.8,285.0,288.73,70185621.0
2021-06-25,289.38,292.21,285.67,288.31,86287132.0
2021-06-28,289.82,293.22,286.05,287.98,85294986.0
2021-06-29,288.52,290.92,285.03,287.39,84548713.0
2021-06-30,287.61,291.65,284.24,286.56,118907514.0
2021-07-01,287.71,289.92,284.1,286.52,88986160.0
2021-07-02,287.76,290.39,284.36,287.3,82112449.0
2021-07-05,288.75,292.41,286.02,288.73,117199398.0
2021-07-06,289.2,297.0,287.13,292.01,144415090.0
2021-07-07,293.64,296.85,289.2,293.42,101011834.0
2021-07-08,294.44,297.51,290.34,292.79,97870486.0
2021-07-09,292.65,295.98,289.92,293.52,94680063.0
2021-07-12,295.28,300.96,292.49,297.08,206683843.0
2021-07-13,298.89,302.43,295.3,298.75,164425053.0
2021-07-14,299.35,302.77,296.45,299.74,150421485.0
2021-07-15,300.71,304.01,297.32,300.53,126024236.0
2021-07-16,301.7,304.78,298.05,301.32,102281316.0
2021-07-19,300.51,304.09,297.36,300.47,115874706.0
2021-07-20,301.77,310.7,296.76,305.46,183741597.0
2021-07-22,307.49,311.03,302.3,306.09,108020510.0
2021-07-23,307.6,310.9,303.15,305.33,81781256.0
2021-07-26,305.64,310.89,301.74,306.33,86752965.0
2021-07-27,307.45,310.83,301.7,304.76,107586580.0
2021-07-28,305.66,308.29,298.48,304.74,201293361.0
2021-07-29,306.14,310.44,302.7,306.22,161559317.0
2021-07-30,307.2,311.08,302.52,306.21,142823959.0
2021-08-02,308.29,313.73,305.42,310.24,200714252.0
2021-08-03,312.03,317.32,307.88,313.29,133790650.0
2021-08-04,314.89,318.06,308.17,310.38,136457416.0
2021-08-05,310.94,313.84,304.63,307.9,115421595.0
2021-08-06,308.37,311.24,302.36,305.33,93320011.0
2021-08-09,307.33,310.4,301.23,304.08,84415246.0
2021-08-10,304.58,306.16,295.4,298.72,89873143.0
2021-08-11,298.71,302.44,290.94,296.87,114334781.0
2021-08-12,297.96,302.9,294.91,298.71,86370425.0
2021-08-13,300.11,303.47,296.67,299.42,67963163.0
2021-08-16,299.89,302.33,294.82,297.08,94683484.0
2021-08-17,297.97,301.88,293.77,298.25,61381882.0
2021-08-18,299.85,304.5,295.93,300.14,70624180.0
2021-08-20,298.74,304.18,293.74,298.55,75472311.0
2021-08-23,301.53,303.12,289.41,293.55,100947892.0
2021-08-24,294.49,299.1,290.56,295.79,77603705.0
2021-08-25,296.48,299.87,293.12,295.78,63303154.0
2021-08-26,296.53,299.88,292.7,295.69,62867515.0
2021-08-27,296.27,301.82,293.67,299.12,68719066.0
2021-08-30,300.48,306.98,298.64,304.15,66521153.0
2021-08-31,304.99,311.35,301.79,308.97,68886218.0
2021-09-01,310.42,315.49,306.12,310.81,74389312.0
2021-09-02,311.88,318.51,309.47,315.68,92994768.0
2021-09-03,316.97,320.42,312.97,317.39,137033569.0
2021-09-06,318.77,323.34,315.67,318.37,190775425.0
2021-09-07,319.27,323.23,315.37,319.06,119283183.0
2021-09-08,319.86,323.48,315.63,319.45,151800625.0
2021-09-09,318.58,323.01,316.38,320.39,181422309.0
2021-09-13,321.12,324.89,317.57,322.2,124124690.0
2021-09-14,323.69,326.35,319.28,321.74,98123614.0
2021-09-15,322.62,326.38,319.44,322.69,79328421.0
2021-09-16,323.58,326.16,318.33,320.54,83169452.0
2021-09-17,322.02,324.48,313.07,316.68,94616857.0
2021-09-20,315.29,318.23,309.15,311.39,66516651.0
2021-09-21,311.19,315.63,306.14,312.07,68490095.0
2021-09-22,313.17,317.81,310.05,314.36,72419173.0
2021-09-23,316.1,319.32,312.46,315.29,88495570.0
2021-09-24,316.68,323.65,311.79,317.0,95718602.0
2021-09-27,318.8,322.98,314.12,318.23,88881749.0
2021-09-28,318.93,322.62,312.81,316.13,120377164.0
2021-09-29,314.84,319.7,310.56,314.88,115360444.0
2021-09-30,315.95,319.53,310.22,313.43,150155357.0
2021-10-01,313.0,317.5,308.9,313.88,132667258.0
2021-10-04,315.33,320.5,312.47,316.88,124484809.0
2021-10-05,317.29,322.53,314.35,318.54,104883100.0
2021-10-06,319.75,323.13,312.39,314.88,148114711.0
2021-10-07,317.04,323.39,313.67,318.85,270573452.0
2021-10-08,320.32,323.83,315.86,319.18,124180317.0
2021-10-11,321.41,325.64,317.59,320.91,96194042.0
2021-10-12,320.86,325.1,316.8,321.07,171587983.0
2021-10-13,322.77,327.28,318.5,322.73,178404718.0
2021-10-14,324.88,331.07,321.1,325.07,242439424.0
2021-10-18,327.46,332.21,322.11,325.76,142966030.0
2021-10-19,327.44,329.84,315.49,317.85,173180362.0
2021-10-20,317.88,322.39,309.42,313.69,142646540.0
2021-10-21,315.58,318.39,302.85,308.88,124010268.0
2021-10-22,309.47,313.24,302.32,306.89,118224699.0
2021-10-25,307.45,309.7,296.63,302.93,99632987.0
2021-10-26,303.46,312.68,301.38,308.69,89490751.0
2021-10-27,310.63,317.88,307.14,311.96,98410834.0
2021-10-28,312.99,317.32,307.22,312.13,96047253.0
2021-10-29,312.56,319.94,306.32,315.74,101820956.0
2021-11-01,317.71,324.42,314.6,320.7,90173773.0
2021-11-02,321.7,325.77,316.99,320.97,85117040.0
2021-11-03,322.2,327.96,318.61,324.81,94666301.0
2021-11-04,326.49,329.09,323.96,326.47,27238908.0
2021-11-08,328.21,336.0,323.14,331.97,92027637.0
2021-11-09,332.54,337.3,329.04,333.19,96800041.0
2021-11-10,332.1,335.77,327.82,331.75,87823637.0
2021-11-11,331.16,334.06,324.94,328.31,69076422.0
2021-11-12,330.9,334.81,326.46,331.19,68856008.0
2021-11-15,331.87,336.72,327.21,331.06,78859527.0
2021-11-16,331.83,335.54,324.61,327.7,100297936.0
2021-11-17,327.92,332.94,323.87,327.82,123562949.0
2021-11-18,328.98,331.68,320.65,324.49,131136523.0
2021-11-22,325.01,328.35,314.47,319.44,149249532.0
2021-11-23,318.28,325.18,313.35,320.73,98934724.0
2021-11-24,322.51,325.41,316.98,319.3,69787355.0
2021-11-25,319.57,323.61,315.49,320.32,91842800.0
2021-11-26,317.81,321.56,309.33,312.72,136831137.0
2021-11-29,310.27,314.92,300.2,308.31,85992685.0
2021-11-30,307.45,317.38,304.76,311.24,134031313.0
2021-12-01,313.8,317.86,306.85,310.47,76065079.0
2021-12-02,311.22,316.65,308.38,313.28,52899061.0
2021-12-03,314.05,317.72,308.71,311.13,76096871.0
2021-12-06,311.88,314.27,304.31,306.38,68390067.0
2021-12-07,308.39,312.89,305.56,309.14,57019446.0
2021-12-08,311.11,318.26,309.32,315.13,75962411.0
2021-12-09,317.74,320.81,312.89,317.29,96744272.0
2021-12-10,317.64,323.55,315.11,320.85,145773738.0
2021-12-13,323.21,327.08,318.28,320.49,127485121.0
2021-12-14,319.8,324.75,316.28,321.41,177454620.0
2021-12-15,321.38,325.55,317.7,321.33,136404966.0
2021-12-16,323.34,326.28,317.64,321.69,149498371.0
2021-12-17,321.27,323.37,313.14,315.86,107455637.0
2021-12-20,312.96,315.14,301.72,307.16,76922116.0
2021-12-21,308.78,317.41,306.34,312.0,124336887.0
2021-12-22,313.22,317.77,310.42,314.8,113620661.0
2021-12-23,316.51,319.51,312.4,315.66,78511677.0
2021-12-24,317.0,319.1,310.2,312.86,85326325.0
2021-12-27,312.32,316.26,307.72,312.99,79749936.0
2021-12-28,314.23,321.66,312.61,318.71,96226723.0
2021-12-29,318.98,322.54,315.26,318.18,96289143.0
2021-12-30,318.26,322.69,314.82,318.11,78519751.0
2021-12-31,319.65,326.99,317.47,322.88,116396931.0
2022-01-03,323.64,330.14,321.6,327.54,79359858.0
2022-01-04,328.88,332.77,324.09,328.74,118599601.0
2022-01-05,329.17,335.01,326.14,331.54,104231180.0
2022-01-06,329.66,334.33,323.75,329.2,179282405.0
2022-01-07,329.71,338.24,327.45,334.91,180033697.0
2022-01-10,336.49,340.96,332.61,337.06,253333113.0
2022-01-11,337.94,342.53,333.31,337.35,270676933.0
2022-01-12,339.49,343.6,335.58,339.39,134741770.0
2022-01-13,340.94,343.15,334.58,337.4,88363655.0
2022-01-14,337.77,342.73,332.93,338.22,137488404.0
2022-01-17,339.39,347.77,334.63,343.54,282539218.0
2022-01-18,344.63,347.43,333.06,335.63,205862998.0
2022-01-19,335.13,338.35,327.66,331.59,200262270.0
2022-01-20,332.25,338.13,327.96,333.18,138006974.0
2022-01-21,332.49,335.18,323.85,327.58,131069285.0
2022-01-24,327.47,329.09,310.11,314.16,135993143.0
2022-01-25,310.65,318.89,302.6,314.59,136930640.0
2022-01-27,312.84,316.52,304.91,311.69,111077246.0
2022-01-28,313.53,321.41,310.6,314.03,136403986.0
2022-01-31,317.35,322.28,313.61,316.85,84859710.0
2022-02-01,320.33,327.0,314.82,323.3,101509706.0
2022-02-02,325.15,329.83,320.48,324.59,107484619.0
2022-02-03,325.34,328.97,319.91,322.76,105192410.0
2022-02-04,323.14,327.99,319.3,323.07,88185412.0
2022-02-07,322.9,327.09,315.84,320.59,98034005.0
2022-02-08,321.55,324.57,314.37,318.77,81525912.0
2022-02-09,320.24,325.31,316.98,321.2,68922045.0
2022-02-10,321.18,324.69,316.31,320.6,95368031.0
2022-02-11,318.85,321.32,312.09,315.05,98291026.0
2022-02-14,309.02,312.41,300.47,303.68,95208141.0
2022-02-15,304.27,315.23,299.83,312.59,88971240.0
2022-02-16,314.86,317.82,308.8,311.88,97889631.0
2022-02-17,313.49,316.05,307.2,309.79,59965716.0
2022-02-18,307.78,311.54,303.08,306.08,66587458.0
2022-02-21,304.0,308.31,298.56,302.55,83600484.0
2022-02-22,293.98,302.18,291.16,299.13,70821252.0
2022-02-23,300.7,306.18,297.13,300.07,68097580.0
2022-02-24,290.38,296.24,279.4,282.76,117564859.0
2022-02-25,287.05,295.06,284.49,289.87,96456196.0
2022-02-28,287.88,295.64,281.39,292.94,76972200.0
2022-03-02,289.93,293.28,282.39,286.5,68916547.0
2022-03-03,288.75,291.58,275.43,277.64,85114313.0
2022-03-04,275.97,280.39,267.01,273.34,72357932.0
2022-03-07,267.32,271.38,259.44,265.04,70883148.0
2022-03-08,264.37,271.76,260.41,268.6,65443789.0
2022-03-09,271.03,279.27,266.12,276.28,77515199.0
2022-03-10,284.41,289.91,277.35,281.2,86467362.0
2022-03-11,281.42,285.81,277.26,282.58,85842102.0
2022-03-14,283.65,286.46,278.46,283.05,59184690.0
2022-03-15,285.36,290.11,280.25,283.76,86760229.0
2022-03-16,287.33,293.51,284.26,290.69,95891883.0
2022-03-17,294.91,300.46,290.35,294.63,135165782.0
2022-03-21,294.71,297.08,287.01,289.65,71865986.0
2022-03-22,289.07,293.04,283.53,289.92,70531314.0
2022-03-23,291.66,294.35,286.33,288.87,75726743.0
2022-03-24,287.35,292.86,284.59,289.28,60751048.0
2022-03-25,290.58,293.0,285.11,288.26,52126523.0
2022-03-28,288.98,291.51,282.52,286.98,76014275.0
2022-03-29,288.93,294.92,285.59,291.03,90992626.0
2022-03-30,293.76,298.83,290.62,295.67,93793650.0
2022-03-31,297.29,301.36,292.64,296.11,71362475.0
2022-04-01,296.92,302.32,294.23,299.75,88205669.0
2022-04-04,301.19,305.89,298.16,302.72,90991715.0
2022-04-05,304.12,310.31,300.42,306.51,119116494.0
2022-04-06,306.01,311.71,302.76,307.59,116525206.0
2022-04-07,307.85,312.35,303.57,306.37,105543949.0
2022-04-08,307.97,314.33,304.69,311.59,97246601.0
2022-04-11,312.29,318.97,308.74,313.62,143040545.0
2022-04-12,313.4,316.27,306.11,310.06,120762654.0
2022-04-13,310.69,315.39,306.97,310.51,131103172.0
2022-04-18,308.62,313.13,302.64,307.32,162586600.0
2022-04-19,309.05,313.15,298.59,302.58,126417285.0
2022-04-20,303.49,312.56,300.62,308.23,93080489.0
2022-04-21,310.15,315.87,307.7,312.47,96379891.0
2022-04-22,310.69,315.02,306.78,310.43,107742262.0
2022-04-25,307.84,311.9,302.6,306.44,105117371.0
2022-04-26,309.17,312.98,305.25,308.67,91948744.0
2022-04-27,306.66,311.57,302.22,307.57,194752877.0
2022-04-28,310.52,314.48,305.26,310.5,150553919.0
2022-04-29,311.35,315.9,305.73,308.52,125952281.0
2022-05-02,306.1,311.1,301.6,307.64,88041721.0
2022-05-04,308.27,310.37,296.65,299.2,80902982.0
2022-05-05,301.49,305.34,294.91,296.95,85292405.0
2022-05-06,292.54,296.3,286.56,290.58,84446823.0
2022-05-09,288.88,292.84,283.27,287.81,139820289.0
2022-05-10,288.49,295.53,282.51,287.33,106666132.0
2022-05-11,287.77,291.67,276.71,283.12,103746285.0
2022-05-12,280.84,285.44,272.19,278.98,86321286.0
2022-05-13,281.99,286.77,275.36,279.11,76292978.0
2022-05-16,281.3,285.97,272.66,278.27,120033162.0
2022-05-17,279.57,285.25,275.75,282.83,80887577.0
2022-05-18,284.11,289.63,280.07,284.72,99856878.0
2022-05-19,278.57,283.77,275.07,279.46,75817570.0
2022-05-20,283.27,288.33,279.51,283.39,81395065.0
2022-05-23,285.54,289.29,279.05,282.16,54704186.0
2022-05-24,283.0,284.97,274.84,277.37,66976879.0
2022-05-25,277.1,279.62,265.58,267.87,61894943.0
2022-05-26,269.32,273.34,260.16,270.03,73545458.0
2022-05-27,272.23,276.01,267.17,272.18,58271356.0
2022-05-30,275.14,281.43,271.85,278.08,66009837.0
2022-05-31,278.49,282.57,273.94,278.22,85446157.0
2022-06-01,278.72,284.2,274.47,278.47,59017610.0
2022-06-02,278.85,283.33,275.2,280.26,75618684.0
2022-06-03,282.34,284.16,270.75,273.17,79570285.0
2022-06-06,272.9,275.1,267.17,269.71,54183839.0
2022-06-07,268.42,270.84,263.06,266.51,68605581.0
2022-06-08,267.83,270.21,262.35,264.83,54947680.0
2022-06-09,263.91,266.92,259.89,263.7,69870056.0
2022-06-10,261.4,266.55,259.14,263.67,57665033.0
2022-06-13,259.59,262.05,254.89,257.7,62375125.0
2022-06-14,256.41,261.87,253.64,257.73,53921191.0
2022-06-15,258.82,262.11,255.79,259.18,45138227.0
2022-06-16,261.8,263.87,251.55,253.75,69579709.0
2022-06-17,252.63,255.45,246.6,249.77,60051954.0
2022-06-20,250.32,255.16,245.07,250.52,60032934.0
2022-06-21,251.73,257.22,248.84,254.49,64673490.0
2022-06-22,254.58,256.96,249.15,253.17,97105044.0
2022-06-23,254.13,259.57,251.02,255.93,60248509.0
2022-06-24,257.66,261.38,254.79,258.31,62030629.0
2022-06-27,260.98,264.85,258.36,262.34,52420823.0
2022-06-28,261.28,263.79,256.63,260.42,47657564.0
2022-06-29,258.61,263.31,256.31,259.83,65582718.0
2022-06-30,260.51,263.24,256.06,258.96,48495845.0
2022-07-01,259.1,264.67,256.1,262.84,40490623.0
2022-07-04,263.26,266.7,260.04,264.0,40804116.0
2022-07-05,264.43,268.0,261.38,263.39,44528201.0
2022-07-06,265.31,270.14,262.75,268.01,46514668.0
2022-07-07,270.37,273.56,266.93,269.92,49888418.0
2022-07-08,270.94,273.98,267.41,270.23,50335660.0
2022-07-11,269.94,274.92,267.47,272.89,45793830.0
2022-07-12,271.94,274.65,268.12,270.49,41240138.0
2022-07-13,272.74,276.04,269.18,271.57,47293596.0
2022-07-14,272.44,274.26,267.19,269.96,41131738.0
2022-07-15,270.32,273.94,267.91,271.48,36873089.0
2022-07-18,273.3,278.1,271.5,275.78,50307634.0
2022-07-19,274.85,279.46,273.16,277.52,50222640.0
2022-07-20,279.74,282.0,275.82,277.67,66507173.0
2022-07-21,278.01,283.63,275.37,281.09,72992553.0
2022-07-22,281.7,288.14,278.53,285.0,68374614.0
2022-07-25,284.65,287.97,279.87,284.28,59293661.0
2022-07-26,284.19,287.55,279.64,283.41,52536822.0
2022-07-27,283.43,289.62,281.09,287.37,56490967.0
2022-07-28,289.03,293.64,284.84,289.42,55220100.0
2022-07-29,291.36,296.15,288.79,293.29,66089427.0
2022-08-01,294.93,299.96,292.17,296.6,86088302.0
2022-08-02,297.21,303.97,294.72,300.92,96422558.0
2022-08-03,301.72,304.56,296.07,300.64,63290854.0
2022-08-04,302.32,305.88,296.37,300.97,73092228.0
2022-08-05,302.37,307.07,298.96,303.39,76646525.0
2022-08-08,303.58,306.61,299.64,302.81,65743758.0
2022-08-10,302.43,305.11,297.21,300.19,84210218.0
2022-08-11,302.61,306.7,298.69,301.49,67604168.0
2022-08-12,302.05,306.0,298.57,302.48,74855588.0
2022-08-16,304.93,309.59,300.27,305.95,82842368.0
2022-08-17,307.68,312.04,304.66,307.85,78858624.0
2022-08-18,308.13,313.31,305.68,310.73,103651857.0
2022-08-19,311.37,315.27,305.64,308.66,113998525.0
2022-08-22,307.9,310.24,299.0,301.64,81633156.0
2022-08-23,299.81,307.75,297.62,303.59,83537666.0
2022-08-24,303.34,308.03,300.27,305.41,77080011.0
2022-08-25,306.49,310.65,302.86,305.29,121900342.0
2022-08-26,307.14,310.86,302.97,306.43,83956321.0
2022-08-29,299.55,308.36,297.68,305.64,81518742.0
2022-08-30,306.95,313.44,305.49,310.63,90906209.0
2022-09-01,308.49,315.91,306.13,311.26,79056490.0
2022-09-02,313.07,316.5,307.98,311.26,141083276.0
2022-09-05,311.99,316.26,308.66,312.43,147332563.0
2022-09-06,313.37,317.16,309.24,313.05,116382987.0
2022-09-07,312.6,322.83,310.79,319.29,124924827.0
2022-09-08,322.52,328.4,318.84,324.54,110902677.0
2022-09-09,326.69,332.0,320.33,323.13,110493237.0
2022-09-12,323.91,329.47,319.93,325.58,95041155.0
2022-09-13,327.18,332.32,323.45,326.95,90129306.0
2022-09-14,322.92,333.92,321.03,329.78,167115469.0
2022-09-15,331.55,335.98,325.21,330.08,127245445.0
2022-09-16,330.04,333.22,316.56,320.28,151604460.0
2022-09-19,320.4,328.19,313.44,323.15,174523908.0
2022-09-20,326.32,332.86,322.59,327.65,154505919.0
2022-09-21,328.09,331.32,318.03,320.74,128654854.0
2022-09-22,319.46,327.49,315.17,322.16,96812166.0
2022-09-23,323.03,325.8,315.13,317.33,81077234.0
2022-09-26,315.22,319.51,305.03,311.37,87797874.0
2022-09-27,312.9,318.4,306.5,312.44,89096133.0
2022-09-28,310.19,318.21,306.38,313.54,81031391.0
2022-09-29,316.22,319.53,307.09,311.56,68978903.0
2022-09-30,311.96,318.43,306.61,313.64,88491628.0
2022-10-03,313.83,317.12,305.62,308.89,74994031.0
2022-10-04,313.32,316.97,309.14,312.75,63300351.0
2022-10-06,314.48,318.99,311.12,314.26,84939679.0
2022-10-07,314.08,318.32,308.95,314.83,82039189.0
2022-10-10,311.6,315.56,308.7,311.91,74288670.0
2022-10-11,313.21,316.42,305.83,307.99,78289110.0
2022-10-12,309.47,312.82,302.65,308.48,76321736.0
2022-10-13,308.22,310.7,302.99,306.1,55930260.0
2022-10-14,309.85,312.13,303.9,305.67,52395930.0
2022-10-17,304.94,310.44,300.97,307.62,54443245.0
2022-10-18,309.03,313.43,305.92,308.93,57049988.0
2022-10-19,309.84,313.56,305.33,308.63,54649506.0
2022-10-20,307.3,312.58,302.93,307.86,50355960.0
2022-10-21,308.34,311.88,301.64,304.71,61249813.0
2022-10-24,308.34,310.26,305.11,307.07,18745507.0
2022-10-25,307.78,310.5,303.17,305.57,45691957.0
2022-10-27,307.79,310.79,302.29,306.08,54518516.0
2022-10-28,306.98,309.11,301.92,304.81,46957644.0
2022-10-31,306.62,314.38,303.84,311.73,67938864.0
2022-11-01,312.84,318.06,310.06,315.55,61622360.0
2022-11-02,315.85,318.9,311.7,314.52,58857264.0
2022-11-03,312.4,317.62,310.09,314.09,51307416.0
2022-11-04,314.87,320.64,311.53,317.2,64315694.0
2022-11-07,318.43,322.94,313.62,318.09,89159270.0
2022-11-09,319.78,322.54,312.16,314.92,89416394.0
2022-11-10,313.97,316.09,307.32,310.22,62345517.0
2022-11-11,312.91,316.52,307.66,310.77,64428852.0
2022-11-14,310.0,316.17,306.84,312.29,105735067.0
2022-11-15,313.27,316.74,308.78,312.92,75552422.0
2022-11-16,313.12,316.79,308.39,312.13,67350542.0
2022-11-17,312.38,314.39,307.88,310.28,48084439.0
2022-11-18,311.46,313.91,305.3,309.56,50969427.0
2022-11-21,309.6,312.83,305.36,308.66,58461643.0
2022-11-22,309.09,313.42,306.02,309.62,51594735.0
2022-11-23,310.75,313.83,307.44,310.51,53826017.0
2022-11-24,311.65,314.13,308.36,311.12,45636065.0
2022-11-25,312.08,315.46,308.79,312.75,51728129.0
2022-11-28,312.94,317.71,310.95,314.79,69343180.0
2022-11-29,315.61,318.81,312.31,314.37,92567227.0
2022-11-30,315.04,321.33,312.9,318.73,97232555.0
2022-12-01,320.19,325.5,317.0,322.52,96057101.0
2022-12-02,322.78,326.49,319.04,323.58,101253034.0
2022-12-05,324.28,327.53,320.09,323.37,85988769.0
2022-12-06,322.64,326.65,319.63,323.44,62171377.0
2022-12-07,324.42,327.77,320.02,323.27,68934429.0
2022-12-08,324.26,327.83,321.44,324.68,58283339.0
2022-12-09,326.21,328.35,319.85,322.89,58092660.0
2022-12-12,323.05,326.75,317.62,323.41,54535813.0
2022-12-13,324.74,327.01,320.69,323.68,48932691.0
2022-12-14,324.48,328.17,321.5,324.29,55652427.0
2022-12-15,324.48,326.75,318.35,320.44,47716343.0
2022-12-16,319.35,322.46,313.46,315.86,65225796.0
2022-12-19,316.34,320.13,313.32,317.52,52437389.0
2022-12-20,317.45,319.85,312.03,316.83,58818264.0
2022-12-21,317.61,320.69,308.97,311.84,68282700.0
2022-12-22,312.93,315.62,305.25,310.48,69797061.0
2022-12-23,308.13,309.91,297.84,300.74,86043701.0
2022-12-26,300.81,310.87,297.93,307.6,67267829.0
2022-12-27,309.25,314.63,306.19,311.18,75568096.0
2022-12-28,311.29,315.24,308.48,311.77,44375121.0
2022-12-29,310.53,314.12,306.01,310.58,48495230.0
2022-12-30,312.12,315.39,308.07,310.43,48794153.0
2023-01-02,311.08,314.35,307.51,310.75,37747391.0
2023-01-03,311.21,313.95,308.16,310.65,41214294.0
2023-01-04,311.34,314.23,306.54,308.73,70798159.0
2023-01-05,309.86,312.63,305.53,309.12,41610810.0
2023-01-06,309.42,311.74,304.0,307.05,39539453.0
2023-01-09,309.22,312.02,305.09,308.0,38988922.0
2023-01-10,308.56,309.95,302.14,305.29,39582902.0
2023-01-11,306.12,308.28,301.93,304.31,36222758.0
2023-01-12,304.91,308.23,301.72,305.12,37207894.0
2023-01-13,306.15,309.1,302.73,306.65,33624851.0
2023-01-16,307.52,309.49,303.93,305.88,28768920.0
2023-01-17,306.01,309.05,303.2,306.65,34036937.0
2023-01-18,307.27,310.1,304.32,307.25,33734959.0
2023-01-19,306.95,309.96,302.48,305.12,34178786.0
2023-01-20,305.0,307.34,300.03,301.96,35555385.0
2023-01-23,302.4,304.19,294.26,296.84,48315062.0
2023-01-24,297.6,300.46,293.43,295.6,33340843.0
2023-01-25,295.33,296.94,287.15,289.87,68147459.0
2023-01-27,290.17,292.36,275.25,282.08,141676444.0
2023-01-30,283.02,290.72,276.92,284.79,111540942.0
2023-01-31,286.07,293.52,282.64,289.41,99836677.0
2023-02-01,291.16,296.64,279.59,285.41,130929336.0
2023-02-02,286.04,292.55,279.54,286.28,118492392.0
2023-02-03,286.54,292.3,280.55,289.17,106196231.0
2023-02-06,288.83,292.42,284.3,289.04,71923909.0
2023-02-07,289.79,294.29,285.62,288.93,85597418.0
2023-02-08,290.31,294.78,286.73,291.46,58109719.0
2023-02-09,291.2,294.7,286.54,290.4,63578079.0
2023-02-10,290.27,294.65,286.6,291.39,51795576.0
2023-02-13,292.13,294.61,285.92,288.4,59522739.0
2023-02-14,288.82,290.91,282.51,286.08,65353276.0
2023-02-15,285.5,290.53,282.83,287.86,51824225.0
2023-02-16,289.19,292.52,286.21,289.45,58625968.0
2023-02-17,289.13,295.47,286.9,291.69,60066228.0
2023-02-20,291.99,296.3,288.11,292.27,47883275.0
2023-02-21,292.95,296.34,288.69,291.07,63492837.0
2023-02-22,290.19,291.66,283.32,286.02,57832332.0
2023-02-23,286.63,289.24,280.73,283.86,49948617.0
2023-02-24,284.88,288.56,281.72,284.56,41845586.0
2023-02-27,284.3,287.08,278.71,282.71,45273500.0
2023-02-28,283.07,289.62,279.65,286.14,73140072.0
2023-03-01,285.98,291.49,284.47,289.09,79587030.0
2023-03-02,289.23,292.47,286.04,289.82,61643682.0
2023-03-03,291.27,294.81,287.28,290.53,84590224.0
2023-03-06,292.03,295.43,288.41,291.12,68297568.0
2023-03-08,290.74,294.42,287.88,292.51,57397258.0
2023-03-09,293.03,295.11,288.89,290.89,63082441.0
2023-03-10,289.34,292.46,285.76,289.89,48346957.0
2023-03-13,289.74,292.3,281.97,284.3,58144790.0
2023-03-14,284.66,286.37,277.53,281.02,65928673.0
2023-03-15,282.95,287.99,279.12,282.95,88441044.0
2023-03-16,283.92,287.54,279.09,284.44,95668122.0
2023-03-17,286.52,290.16,281.65,285.53,81734121.0
2023-03-20,285.95,288.98,278.86,283.59,60366996.0
2023-03-21,284.55,288.2,281.94,285.28,57222388.0
2023-03-22,285.67,289.67,283.9,287.07,79810283.0
2023-03-23,286.18,288.76,282.51,284.98,55945255.0
2023-03-24,284.91,286.96,280.44,283.37,90180390.0
2023-03-27,283.27,286.52,279.26,282.32,65933787.0
2023-03-28,282.25,284.71,276.53,279.52,84034636.0
2023-03-29,279.75,286.54,277.73,283.87,90274359.0
2023-03-31,284.63,289.29,282.29,286.12,86604802.0
2023-04-03,287.09,290.86,283.35,288.14,70728429.0
2023-04-05,287.88,292.73,285.33,290.6,72342249.0
2023-04-06,290.72,294.48,288.25,291.89,72917833.0
2023-04-10,292.6,295.59,288.78,291.88,65584537.0
2023-04-11,292.71,295.94,289.76,292.53,90411954.0
2023-04-12,293.24,298.09,291.02,294.39,97377777.0
2023-04-13,294.89,297.53,291.76,294.43,68451093.0
2023-04-17,294.58,298.79,291.87,296.14,58663809.0
2023-04-18,296.8,299.25,292.12,294.44,61237938.0
2023-04-19,294.58,297.47,290.21,292.74,78478534.0
2023-04-20,293.62,296.99,290.01,292.92,81029810.0
2023-04-21,293.51,296.02,289.0,291.38,61279525.0
2023-04-24,291.86,295.36,288.81,292.94,52569431.0
2023-04-25,293.35,296.19,290.79,293.24,60182201.0
2023-04-26,293.32,296.46,290.13,293.98,53574701.0
2023-04-27,294.48,297.54,291.92,295.02,111523755.0
2023-04-28,296.04,300.02,292.56,298.0,81348262.0
2023-05-02,298.93,302.71,295.74,298.88,112844536.0
2023-05-03,299.52,303.23,295.99,299.5,86019395.0
2023-05-04,300.18,304.65,297.83,302.45,141654815.0
2023-05-05,302.46,307.28,299.37,303.68,90744862.0
2023-05-08,304.14,309.16,301.91,306.27,109825536.0
2023-05-09,307.18,311.49,303.3,305.79,92063676.0
2023-05-10,306.97,309.77,303.22,306.79,86954438.0
2023-05-11,307.84,313.4,305.78,310.72,69202191.0
2023-05-12,310.91,314.41,306.26,309.44,60261671.0
2023-05-15,309.96,313.29,306.67,309.55,70705714.0
2023-05-16,310.2,314.45,306.99,309.74,124010256.0
2023-05-17,310.13,313.46,306.01,309.23,97763850.0
2023-05-18,310.35,313.34,305.06,307.48,94268772.0
2023-05-19,308.37,311.66,303.7,308.19,90736346.0
2023-05-22,307.72,313.45,304.92,309.92,97278453.0
2023-05-23,310.07,315.3,307.38,310.79,107373517.0
2023-05-24,310.24,313.61,306.32,309.49,70038371.0
2023-05-25,309.27,312.78,306.39,310.17,85072683.0
2023-05-26,310.84,314.73,308.15,311.99,69098986.0
2023-05-29,313.64,317.05,310.41,314.15,72157273.0
2023-05-30,314.56,319.48,312.38,316.32,75542121.0
2023-05-31,316.13,320.3,311.34,316.35,110033398.0
2023-06-01,317.58,321.33,314.91,317.84,131156350.0
2023-06-02,318.95,322.76,316.51,319.46,119004840.0
2023-06-05,320.84,323.75,317.35,319.95,120942297.0
2023-06-06,320.94,327.02,318.71,324.38,109433497.0
2023-06-07,325.35,328.02,322.34,325.73,81655424.0
2023-06-08,326.22,329.48,321.02,323.51,134981690.0
2023-06-09,324.81,328.44,321.08,323.6,99928720.0
2023-06-12,324.41,327.62,321.05,325.3,100308520.0
2023-06-13,326.56,332.02,324.85,329.43,98935835.0
2023-06-14,330.54,334.74,327.95,331.76,91393877.0
2023-06-15,332.51,335.76,329.32,331.92,83415254.0
2023-06-16,332.83,336.83,330.46,333.2,121252800.0
2023-06-19,334.34,337.94,329.69,332.04,235087629.0
2023-06-20,332.25,335.47,328.8,332.7,138902366.0
2023-06-21,333.44,337.24,330.41,333.52,179656623.0
2023-06-22,334.41,337.14,327.91,330.37,316278881.0
2023-06-23,330.98,332.8,324.48,327.27,102746062.0
2023-06-26,325.34,330.95,322.16,327.72,69246944.0
2023-06-27,328.16,332.55,325.59,328.86,81026472.0
2023-06-28,329.68,333.67,327.14,330.03,90361518.0
2023-06-30,330.88,335.79,327.14,329.72,73371880.0
2023-07-03,331.7,335.51,328.34,332.11,70385395.0
2023-07-04,333.21,335.83,328.62,330.79,80026095.0
2023-07-05,331.44,335.2,328.21,331.91,98879437.0
2023-07-06,333.09,335.74,329.92,332.6,92369415.0
2023-07-07,332.52,334.93,326.98,328.76,94224608.0
2023-07-10,329.6,333.22,325.22,328.85,93089510.0
2023-07-11,329.82,333.66,326.68,330.03,94353652.0
2023-07-12,331.03,334.1,326.28,330.91,69396775.0
2023-07-13,332.31,335.1,327.3,329.83,67560999.0
2023-07-14,331.08,334.25,327.42,330.86,62632483.0
2023-07-17,331.65,336.11,329.51,333.2,69992328.0
2023-07-18,333.58,337.3,329.62,333.26,60038503.0
2023-07-19,334.08,337.91,331.52,335.48,57527057.0
2023-07-20,335.55,338.59,331.87,335.02,69220398.0
2023-07-21,335.1,337.8,330.17,333.37,67450491.0
2023-07-24,334.03,339.03,330.49,334.78,80293587.0
2023-07-25,335.38,341.01,329.6,335.47,85535138.0
2023-07-26,336.22,340.04,332.44,335.68,70927328.0
2023-07-27,337.08,340.35,332.14,335.12,66543477.0
2023-07-28,335.92,339.43,331.33,335.78,78295803.0
2023-07-31,335.1,341.92,333.22,338.72,83055392.0
2023-08-01,339.63,343.49,335.35,339.03,124641131.0
2023-08-02,338.82,342.71,333.43,338.12,124095382.0
2023-08-03,338.36,342.83,332.98,337.91,95915996.0
2023-08-04,339.28,343.11,335.92,338.91,93942615.0
2023-08-07,339.63,343.49,335.75,339.87,101578225.0
2023-08-08,340.17,343.52,335.83,339.52,105779468.0
2023-08-09,339.7,343.21,335.39,339.27,119106949.0
2023-08-10,339.08,342.95,333.85,336.96,197555322.0
2023-08-11,338.58,342.27,332.97,336.68,127627677.0
2023-08-14,336.37,339.42,329.35,334.01,109845115.0
2023-08-16,333.34,338.76,329.93,335.44,101422146.0
2023-08-17,336.14,339.73,332.09,335.92,105587364.0
2023-08-18,335.83,340.02,331.95,335.78,188955881.0
2023-08-21,336.47,341.88,334.14,338.51,273379126.0
2023-08-22,339.97,343.65,336.84,340.22,267389419.0
2023-08-23,341.23,344.56,336.7,339.26,232267224.0
2023-08-24,341.25,345.58,336.7,340.32,197390994.0
2023-08-25,339.95,343.47,335.11,338.99,145797369.0
2023-08-28,340.41,344.24,336.75,340.86,118992035.0
2023-08-29,342.01,346.41,339.32,343.27,151988561.0
2023-08-30,345.03,348.81,341.7,345.34,146095700.0
2023-08-31,346.12,349.66,339.22,344.01,311102923.0
2023-09-01,344.09,349.05,340.88,345.56,303740044.0
2023-09-04,347.16,353.72,343.19,349.89,225722649.0
2023-09-05,351.01,355.11,346.88,350.71,233923612.0
2023-09-06,351.18,354.58,346.58,350.78,208772090.0
2023-09-07,351.24,354.89,347.55,351.82,142556476.0
2023-09-08,352.91,355.84,348.9,351.85,121567196.0
2023-09-11,353.05,357.04,349.91,353.45,127306412.0
2023-09-12,355.32,358.46,343.48,349.31,170996609.0
2023-09-13,349.34,354.96,344.11,351.7,128133522.0
2023-09-14,352.9,356.68,348.79,352.23,130323654.0
2023-09-15,352.96,356.53,347.83,351.48,99108196.0
2023-09-18,352.32,355.4,347.18,350.22,74887889.0
2023-09-20,349.9,352.75,344.53,347.82,85289305.0
2023-09-21,346.93,350.88,342.34,345.78,75890913.0
2023-09-22,345.46,350.35,341.15,345.44,71429141.0
2023-09-25,346.01,351.31,341.47,346.48,83605453.0
2023-09-26,347.21,351.59,343.6,347.42,85177762.0
2023-09-27,348.0,351.29,344.61,348.08,70536657.0
2023-09-28,348.1,350.67,339.85,342.03,86561451.0
2023-09-29,343.74,347.72,339.96,344.16,62639744.0
2023-10-03,344.84,350.34,341.37,345.66,78099207.0
2023-10-04,344.75,347.0,338.48,341.9,74165732.0
2023-10-05,343.61,347.27,340.09,343.2,88902280.0
2023-10-06,344.31,347.47,341.29,344.11,77627515.0
2023-10-09,340.41,344.08,336.45,339.89,76122470.0
2023-10-10,340.83,345.25,338.76,342.5,67600315.0
2023-10-11,344.25,350.48,342.02,347.01,111218918.0
2023-10-12,348.57,352.18,345.38,348.67,89658391.0
2023-10-13,347.75,351.56,345.09,348.22,99315306.0
2023-10-16,348.22,353.64,344.79,348.84,161732291.0
2023-10-17,350.75,354.66,346.72,350.48,146199225.0
2023-10-18,351.0,354.15,345.92,349.09,126262480.0
2023-10-19,348.01,353.62,343.76,350.47,127460310.0
2023-10-20,349.93,354.84,344.55,348.25,154098913.0
2023-10-23,348.09,350.75,335.68,338.67,118385789.0
2023-10-25,339.72,344.23,332.5,336.53,113764235.0
2023-10-26,335.19,338.61,326.28,332.28,122534852.0
2023-10-27,333.09,339.11,330.91,334.79,109974326.0
2023-10-30,336.02,341.76,331.78,338.5,92446156.0
2023-10-31,339.43,343.56,335.69,339.51,85101464.0
2023-11-01,340.02,342.83,333.3,336.02,75374749.0
2023-11-02,337.84,342.21,335.03,339.09,76102764.0
2023-11-03,340.26,344.04,337.12,340.76,85669328.0
2023-11-06,342.7,347.96,339.87,345.11,87496061.0
2023-11-07,345.56,349.03,341.65,345.62,144187067.0
2023-11-08,347.08,351.55,344.18,348.11,103296670.0
2023-11-09,348.87,351.37,343.6,345.88,75566838.0
2023-11-10,345.11,349.88,341.68,346.91,100135118.0
2023-11-13,349.18,350.98,344.76,347.4,102323295.0
2023-11-15,349.58,353.35,345.83,349.19,131362120.0
2023-11-16,350.07,352.93,346.08,350.04,178108874.0
2023-11-17,350.96,357.35,348.78,352.58,113340267.0
2023-11-20,353.27,356.07,348.49,351.06,148851965.0
2023-11-21,351.91,355.84,349.36,352.28,100695159.0
2023-11-22,352.94,356.2,348.24,351.61,97877308.0
2023-11-23,352.86,355.6,348.43,351.09,86714018.0
2023-11-24,351.63,355.01,347.94,350.75,93558254.0
2023-11-28,352.37,357.53,349.23,353.97,97865697.0
2023-11-29,355.58,358.52,351.76,354.58,78680453.0
2023-11-30,355.58,362.7,352.09,358.36,129875941.0
2023-12-01,360.82,365.43,357.03,361.26,85995126.0
2023-12-04,366.27,371.72,361.5,368.09,117033394.0
2023-12-05,368.82,376.31,364.63,371.69,143592700.0
2023-12-06,373.83,376.65,367.07,370.11,137844576.0
2023-12-07,371.61,376.01,367.83,372.02,116681845.0
2023-12-08,372.8,376.21,366.03,369.94,265615578.0
2023-12-11,370.93,376.61,367.35,373.46,144203120.0
2023-12-12,374.6,379.73,369.63,373.36,170031222.0
2023-12-13,374.61,378.69,368.83,373.85,102427094.0
2023-12-14,376.14,380.27,372.14,376.64,120695240.0
2023-12-15,378.37,383.25,374.31,379.26,125256815.0
2023-12-18,380.09,383.43,376.02,379.66,94605833.0
2023-12-19,380.53,384.43,375.86,379.87,108941557.0
2023-12-20,381.08,385.49,367.3,370.61,186048591.0
2023-12-21,368.21,376.04,365.13,373.41,121920231.0
2023-12-22,375.02,378.88,369.98,374.46,80127238.0
2023-12-26,375.76,380.09,373.11,376.89,78146117.0
2023-12-27,379.69,386.55,375.25,381.71,129233089.0
2023-12-28,382.77,385.45,377.34,380.53,81366522.0
2023-12-29,381.38,385.21,377.71,382.38,82573895.0
2024-01-01,383.28,387.32,379.59,383.08,81357541.0
2024-01-02,383.91,386.48,375.23,381.12,209782115.0
2024-01-03,381.82,385.68,377.19,379.95,336135999.0
2024-01-04,381.38,385.86,377.55,381.49,191878167.0
2024-01-05,383.19,386.71,377.01,380.93,601996837.0
2024-01-08,382.3,386.12,374.97,378.34,588896428.0
2024-01-09,381.17,384.17,374.94,377.39,640819538.0
2024-01-10,378.49,380.77,372.81,376.49,245811714.0
2024-01-11,378.0,382.55,373.85,378.63,208278912.0
2024-01-12,380.11,382.96,374.79,378.26,223178859.0
2024-01-15,379.67,382.22,375.09,378.38,121692797.0
2024-01-16,379.12,382.97,374.38,378.24,170109889.0
2024-01-17,376.85,380.29,368.76,371.98,130762609.0
2024-01-18,372.08,375.52,361.34,369.83,163049722.0
2024-01-19,371.84,377.77,368.14,374.01,149959443.0
2024-01-23,373.81,377.4,361.78,364.95,138523886.0
2024-01-24,365.98,372.25,359.51,368.66,212508035.0
2024-01-25,369.66,377.83,364.32,371.63,150051068.0
2024-01-29,373.37,381.15,369.95,376.79,126709326.0
2024-01-30,378.16,382.85,371.69,374.7,188898343.0
2024-01-31,375.31,382.66,370.56,377.81,162859690.0
2024-02-01,379.94,383.39,371.58,375.17,151821690.0
2024-02-02,377.41,381.97,371.54,375.39,166895101.0
2024-02-05,376.1,379.6,367.37,370.23,127676137.0
2024-02-06,372.02,377.63,367.48,372.92,189847858.0
2024-02-07,375.61,381.59,370.83,375.99,132369856.0
2024-02-08,377.53,380.13,367.78,370.72,112511660.0
2024-02-09,371.9,378.5,364.26,372.71,191666153.0
2024-02-12,374.07,377.92,364.56,368.3,142118953.0
2024-02-13,369.69,373.39,361.03,367.68,146690663.0
2024-02-14,365.23,371.47,361.46,368.21,109595531.0
2024-02-15,370.09,374.22,365.42,369.57,112263875.0
2024-02-16,371.35,377.51,368.23,372.88,127919784.0
2024-02-19,374.08,378.78,370.13,374.38,78257759.0
2024-02-20,374.82,378.74,370.44,374.98,78860604.0
2024-02-21,376.18,380.18,370.17,372.97,113933638.0
2024-02-22,374.31,377.7,366.07,373.85,82055966.0
2024-02-23,374.62,379.75,370.46,375.58,84803265.0
2024-02-26,374.99,378.91,369.66,373.26,98160860.0
2024-02-27,373.46,378.81,369.98,373.24,98715502.0
2024-02-28,373.6,376.35,364.34,367.16,147876542.0
2024-02-29,366.55,374.37,362.26,370.57,122567785.0
2024-03-01,371.78,378.07,369.14,374.52,86945001.0
2024-03-04,376.85,378.39,369.9,372.16,66028153.0
2024-03-05,372.87,375.21,366.49,369.07,58630661.0
2024-03-06,369.83,371.9,359.06,364.49,90010165.0
2024-03-07,364.82,370.07,361.7,365.73,63504935.0
2024-03-11,366.78,370.94,360.97,364.15,73110256.0
2024-03-12,364.73,366.82,354.95,357.84,92793788.0
2024-03-13,358.46,361.05,343.33,347.62,141739561.0
2024-03-14,346.12,358.3,342.95,355.32,111013743.0
2024-03-15,355.5,361.52,349.18,356.24,116217307.0
2024-03-18,355.74,359.62,350.06,354.65,74177135.0
2024-03-19,354.38,357.34,347.72,351.26,59101394.0
2024-03-20,352.27,356.42,346.3,351.21,70591081.0
2024-03-21,353.84,358.91,350.69,355.48,67886043.0
2024-03-22,355.75,361.82,352.95,358.26,114770395.0
2024-03-26,357.31,362.31,353.03,357.63,91224164.0
2024-03-27,358.76,364.33,355.09,358.83,111625468.0
2024-03-28,360.24,366.81,356.19,361.4,89744273.0
2024-04-01,363.61,371.85,361.38,368.34,77920057.0
2024-04-02,369.4,376.08,365.75,372.55,174145171.0
2024-04-03,372.94,378.67,368.87,373.67,114539294.0
2024-04-04,375.9,379.29,368.86,373.38,88400275.0
2024-04-05,373.28,376.97,367.87,371.54,77672817.0
2024-04-08,373.63,376.79,368.57,372.32,71084751.0
2024-04-09,373.57,376.77,366.78,369.11,55276656.0
2024-04-10,370.57,373.64,366.36,370.4,55347313.0
2024-04-12,369.93,373.23,363.32,365.59,76907286.0
2024-04-15,360.98,365.98,355.95,361.38,71313910.0
2024-04-16,359.54,365.5,356.84,361.91,59022169.0
2024-04-18,364.43,368.18,357.16,359.61,68653727.0
2024-04-19,357.32,362.39,352.58,359.14,62456523.0
2024-04-22,362.48,366.16,358.6,362.78,69346974.0
2024-04-23,364.14,370.6,361.07,367.38,111991294.0
2024-04-24,369.42,373.87,365.6,369.81,107679519.0
2024-04-25,369.95,373.38,364.24,368.92,90236566.0
2024-04-26,370.26,373.74,365.23,368.46,80798639.0
2024-04-29,370.62,376.39,366.59,372.5,85053872.0
2024-04-30,374.54,380.38,369.44,373.57,88223321.0
2024-05-02,373.56,380.62,369.81,375.5,93478521.0
2024-05-03,376.86,381.38,369.79,374.52,88656687.0
2024-05-06,376.68,379.92,367.99,372.38,80859730.0
2024-05-07,373.41,377.68,365.18,369.1,82630720.0
2024-05-08,368.24,372.64,361.89,366.67,68127632.0
2024-05-09,366.8,369.77,356.77,359.15,79237698.0
2024-05-10,359.8,366.15,354.86,362.56,71842349.0
2024-05-13,363.42,369.31,356.65,365.85,70773500.0
2024-05-14,366.19,372.79,362.92,369.13,74964730.0
2024-05-15,370.84,375.32,365.64,369.67,88830861.0
2024-05-16,370.89,375.01,365.69,371.53,64846211.0
2024-05-17,372.13,379.17,369.06,376.16,96594756.0
2024-05-21,375.56,380.37,369.79,375.77,123950987.0
2024-05-22,377.02,381.12,372.19,376.97,87113679.0
2024-05-23,377.93,383.34,373.31,379.44,69484711.0
2024-05-24,379.83,384.82,375.01,378.39,83119610.0
2024-05-27,379.92,383.34,373.74,377.12,81796583.0
2024-05-28,377.82,382.88,373.2,377.39,87480413.0
2024-05-29,376.28,380.85,371.12,375.76,117825006.0
2024-05-30,374.87,378.04,368.14,371.07,82795113.0
2024-05-31,372.26,377.52,365.0,369.98,134099649.0
2024-06-03,381.74,386.59,373.8,380.0,92010367.0
2024-06-04,379.97,381.95,343.38,359.31,143120657.0
2024-06-05,362.36,375.91,354.35,371.24,122607629.0
2024-06-06,372.81,381.33,369.21,375.76,110746432.0
2024-06-07,375.66,386.31,373.23,383.42,108861226.0
2024-06-10,385.77,395.53,382.41,391.25,152257142.0
2024-06-11,392.74,398.04,388.2,393.11,121890944.0
2024-06-12,393.24,401.55,390.14,397.05,201576309.0
2024-06-13,399.91,403.54,393.65,398.14,144846688.0
2024-06-14,400.13,406.06,396.6,401.07,135227680.0
2024-06-18,402.54,407.51,397.12,402.12,102902627.0
2024-06-19,403.0,405.58,394.62,398.8,140713157.0
2024-06-20,399.32,406.24,395.25,400.94,164845953.0
2024-06-21,402.45,406.5,393.86,397.31,163824419.0
2024-06-24,397.27,403.64,392.01,399.71,142425782.0
2024-06-25,400.83,405.47,396.06,398.95,97889059.0
2024-06-26,399.86,408.88,396.38,402.2,224439500.0
2024-06-27,403.49,414.89,399.13,406.92,297566504.0
2024-06-28,407.55,413.39,401.89,408.45,162354662.0
2024-07-01,408.78,420.43,406.46,416.24,161526804.0
2024-07-02,417.35,423.25,410.94,416.11,192794138.0
2024-07-03,417.63,421.25,412.51,416.33,116549841.0
2024-07-04,417.71,421.73,411.12,415.21,106675886.0
2024-07-05,415.77,419.53,410.66,414.94,92389558.0
2024-07-08,416.34,419.06,408.55,411.77,88479805.0
2024-07-09,412.87,418.86,408.35,413.47,103384537.0
2024-07-10,415.15,421.38,405.03,414.94,130729916.0
2024-07-11,416.75,420.83,411.43,415.23,105665703.0
2024-07-12,416.43,420.92,410.36,414.45,84190915.0
2024-07-15,416.76,420.65,409.66,414.91,106873802.0
2024-07-16,416.63,422.94,412.06,416.2,148254252.0
2024-07-18,413.97,419.36,407.13,413.38,181072233.0
2024-07-19,413.19,416.5,402.59,406.13,116982638.0
2024-07-22,404.92,414.72,401.14,410.45,110377812.0
2024-07-23,411.96,417.26,399.93,410.78,150438023.0
2024-07-24,411.03,416.58,405.7,411.27,144354458.0
2024-07-25,409.15,414.25,404.76,409.74,120173910.0
2024-07-26,411.16,420.02,408.58,415.7,120549149.0
2024-07-29,418.45,423.57,412.75,417.26,166561785.0
2024-07-30,418.44,424.67,413.44,419.78,237238617.0
2024-07-31,420.98,426.54,416.48,421.67,151622428.0
2024-08-01,422.47,426.2,414.82,419.41,121977579.0
2024-08-02,415.62,421.71,410.27,415.06,107603519.0
2024-08-05,408.53,414.07,399.26,404.38,129813367.0
2024-08-06,406.43,415.78,399.98,403.9,208017397.0
2024-08-07,408.21,414.57,402.72,408.62,143595541.0
2024-08-08,407.79,411.54,398.69,401.97,91720762.0
2024-08-09,406.17,410.77,398.15,403.46,92570109.0
2024-08-12,402.04,408.46,396.59,402.39,104173847.0
2024-08-13,403.69,406.12,395.11,397.73,84909148.0
2024-08-14,398.59,402.0,390.77,396.02,160182192.0
2024-08-16,398.57,407.05,394.62,403.71,139448350.0
2024-08-19,405.59,410.72,401.28,406.06,113368271.0
2024-08-20,407.75,412.79,403.4,408.05,106413698.0
2024-08-21,408.02,415.07,404.76,410.86,277802472.0
2024-08-22,412.81,419.62,409.12,414.66,244339319.0
2024-08-23,416.95,420.54,409.42,413.79,255804020.0
2024-08-26,415.18,418.44,409.81,413.74,165319597.0
2024-08-27,414.33,418.64,410.01,413.1,122277684.0
2024-08-28,413.52,416.88,408.04,410.67,119962226.0
2024-08-29,411.07,414.13,404.02,408.67,129517929.0
2024-08-30,409.78,415.3,406.28,410.95,85386642.0
2024-09-02,412.7,416.92,408.07,411.41,78950693.0
2024-09-03,412.29,416.7,408.92,412.91,87047484.0
2024-09-04,411.18,421.36,408.98,417.64,140727048.0
2024-09-05,419.3,425.0,415.31,418.9,179666358.0
2024-09-06,419.03,423.55,411.51,416.07,144197875.0
2024-09-09,415.95,421.0,409.68,417.07,96801133.0
2024-09-10,418.32,423.81,414.94,419.43,131078835.0
2024-09-11,420.8,426.02,415.32,419.08,198696452.0
2024-09-12,420.41,426.29,416.33,422.94,132499043.0
2024-09-13,423.06,427.99,419.24,423.86,127481997.0
2024-09-16,424.95,429.36,419.72,422.6,99510219.0
2024-09-17,422.77,426.47,417.88,421.81,95856869.0
2024-09-18,422.29,425.21,414.86,418.4,81658134.0
2024-09-19,419.99,424.9,412.22,417.95,109615085.0
2024-09-20,419.54,425.9,413.85,421.11,123568617.0
2024-09-23,422.78,428.9,417.99,423.96,110053318.0
2024-09-24,424.17,428.35,418.13,421.42,75179010.0
2024-09-25,422.17,425.62,415.19,421.29,68380806.0
2024-09-26,422.18,428.23,416.87,423.79,154672167.0
2024-09-27,424.36,431.64,420.07,424.88,129688303.0
2024-09-30,424.76,430.58,419.91,425.16,139757408.0
2024-10-01,425.26,430.02,419.54,425.92,118201819.0
2024-10-03,420.14,427.09,413.1,416.99,106843206.0
2024-10-04,416.5,421.32,406.94,411.87,94552071.0
2024-10-07,413.48,416.74,398.99,403.48,132077080.0
2024-10-08,402.6,413.1,399.9,409.95,87712555.0
2024-10-09,411.49,417.63,407.05,410.06,73241022.0
2024-10-10,411.78,414.94,405.51,408.63,59400882.0
2024-10-11,408.56,412.65,404.56,408.58,60432777.0
2024-10-14,409.21,413.12,404.0,408.82,81065309.0
2024-10-15,410.64,415.78,406.52,411.53,78390864.0
2024-10-16,411.43,416.91,406.34,411.98,107848216.0
2024-10-17,413.07,415.28,401.82,405.19,92259200.0
2024-10-18,404.44,409.35,396.79,404.7,78973808.0
2024-10-21,404.96,409.47,397.26,401.08,84234301.0
2024-10-22,400.23,405.59,388.55,391.43,128188393.0
2024-10-23,391.43,397.37,384.48,390.96,87776094.0
2024-10-24,391.31,398.08,385.79,391.81,61827817.0
2024-10-25,391.99,395.43,382.06,386.83,79549137.0
2024-10-28,387.2,396.6,382.68,391.7,69353853.0
2024-10-29,392.56,396.95,385.9,393.23,53930429.0
2024-10-30,393.49,400.11,389.82,396.4,80133512.0
2024-10-31,396.14,402.41,390.98,397.19,68682054.0
2024-11-01,399.77,403.02,396.28,399.56,21966085.0
2024-11-04,399.92,402.0,388.48,392.46,62146023.0
2024-11-05,391.31,398.52,387.89,394.23,62170189.0
2024-11-06,395.31,401.76,391.76,398.86,68536408.0
2024-11-07,399.11,402.73,390.74,394.22,101292519.0
2024-11-08,394.21,397.46,386.45,389.54,76314048.0
2024-11-11,384.63,389.53,378.18,382.4,78606621.0
2024-11-12,382.43,387.15,375.73,379.02,72483336.0
2024-11-13,377.6,380.49,368.86,371.85,72208757.0
2024-11-14,371.79,378.27,367.5,373.08,59693897.0
2024-11-18,372.92,378.19,366.69,371.88,72631632.0
2024-11-19,372.8,380.11,369.82,374.07,69963442.0
2024-11-21,368.29,374.69,360.69,368.75,102864858.0
2024-11-22,369.23,380.56,366.63,376.83,82508265.0
2024-11-25,381.32,388.27,377.36,381.53,87849664.0
2024-11-26,382.23,387.57,376.29,381.1,69433517.0
2024-11-27,381.56,388.23,377.21,384.33,77906465.0
2024-11-28,385.35,389.3,379.19,382.57,75262620.0
2024-11-29,382.46,391.34,379.94,387.87,70757670.0
2024-12-02,388.14,399.46,385.17,395.47,93238956.0
2024-12-03,396.35,405.25,392.96,400.59,104732818.0
2024-12-04,401.51,406.11,396.48,400.7,142979519.0
2024-12-05,401.83,405.75,395.45,400.32,99772288.0
2024-12-06,401.24,405.21,396.77,400.45,98128992.0
2024-12-09,401.29,406.73,395.95,401.21,326725889.0
2024-12-10,402.37,406.96,396.86,401.64,229294792.0
2024-12-11,403.82,410.29,400.29,404.7,190317647.0
2024-12-12,405.43,407.48,398.14,401.2,125372443.0
2024-12-13,400.08,407.26,394.06,404.45,124771833.0
2024-12-16,404.59,410.47,400.31,405.57,120818349.0
2024-12-17,405.09,408.6,397.44,400.61,88249719.0
2024-12-18,401.2,405.56,395.17,398.62,89019817.0
2024-12-19,393.77,399.81,389.21,394.99,77652350.0
2024-12-20,395.74,399.62,384.5,386.73,81923140.0
2024-12-23,388.92,392.73,381.77,386.09,96082315.0
2024-12-24,386.3,390.98,381.07,384.12,73348464.0
2024-12-26,384.49,389.35,378.97,382.49,60498315.0
2024-12-27,383.29,388.14,379.61,382.59,122761195.0
2024-12-30,382.76,387.7,375.61,379.73,83961056.0
2024-12-31,378.77,384.75,375.04,381.5,53032473.0
2025-01-01,381.49,387.62,377.9,383.24,60150169.0
2025-01-02,384.7,393.23,381.2,390.3,87891751.0
2025-01-03,391.09,394.75,385.28,388.38,88250838.0
2025-01-06,388.72,390.78,374.54,377.18,88197363.0
2025-01-07,377.85,385.83,375.68,382.42,91544088.0
2025-01-08,382.66,386.13,375.19,379.92,72351019.0
2025-01-09,380.14,383.44,373.45,377.47,53406744.0
2025-01-10,376.32,379.04,365.8,369.1,65622655.0
2025-01-13,364.75,368.63,353.68,356.57,85796351.0
2025-01-14,357.43,365.16,353.95,360.14,65874059.0
2025-01-15,362.13,367.12,357.47,361.66,102135666.0
2025-01-16,364.93,370.75,361.11,365.63,82852165.0
2025-01-17,366.08,370.59,360.85,365.73,55644728.0
2025-01-20,366.86,370.23,360.99,366.27,68807196.0
2025-01-21,367.14,373.61,361.03,363.48,70862369.0
2025-01-22,364.09,367.12,356.62,362.32,76565639.0
2025-01-23,361.5,374.99,358.81,370.29,52016174.0
2025-01-24,370.02,375.54,363.46,366.39,67822456.0
2025-01-27,364.03,367.24,354.55,358.81,82701625.0
2025-01-28,359.5,365.02,349.84,357.72,79547003.0
2025-01-29,357.71,368.46,354.26,362.83,75487374.0
2025-01-30,363.42,368.95,357.42,362.35,78636697.0
2025-01-31,363.27,370.41,359.3,366.79,49404582.0
2025-02-01,368.3,376.19,354.38,365.23,73899931.0
2025-02-03,363.09,370.19,356.02,363.48,63048211.0
2025-02-04,364.8,374.56,360.47,370.02,61753190.0
2025-02-05,369.29,375.29,365.05,370.82,60502912.0
2025-02-06,371.68,374.76,364.85,368.49,49651127.0
2025-02-07,368.83,373.31,363.11,367.96,44657127.0
2025-02-10,367.71,370.42,359.73,363.46,46380916.0
2025-02-11,363.15,366.14,352.9,356.82,59762557.0
2025-02-12,356.46,362.97,345.69,357.4,96389433.0
2025-02-13,357.47,363.48,353.46,357.27,52377249.0
2025-02-14,358.15,360.32,344.88,349.62,64550957.0
2025-02-17,347.87,354.94,341.33,350.9,69986302.0
2025-02-18,350.72,353.25,341.52,347.13,64697408.0
2025-02-19,345.57,354.09,343.05,349.34,62281372.0
2025-02-20,348.93,354.31,345.89,351.15,47464640.0
2025-02-21,350.65,355.68,344.26,348.79,66681101.0
2025-02-24,346.06,351.43,341.45,345.97,53618154.0
2025-02-25,345.75,349.47,340.64,343.87,53586723.0
2025-02-27,342.78,345.83,333.35,338.08,71851625.0
2025-02-28,336.53,339.16,326.27,330.56,94941999.0
2025-03-03,332.45,338.86,324.95,332.77,76758295.0
2025-03-04,329.59,337.16,325.79,332.89,94723526.0
2025-03-05,332.77,341.36,330.47,338.48,84241636.0
2025-03-06,340.85,347.51,336.72,343.88,75200485.0
2025-03-07,343.54,348.99,340.54,344.84,67195187.0
2025-03-10,344.85,348.69,337.38,340.13,58088909.0
2025-03-11,337.21,343.13,333.32,339.63,66847289.0
2025-03-12,340.21,343.72,332.86,337.15,56978362.0
2025-03-13,337.92,339.66,331.56,334.22,50243974.0
2025-03-17,334.77,339.53,330.78,335.34,56350232.0
2025-03-18,335.34,335.34,335.34,335.34,0.0
2025-03-19,342.14,349.35,340.46,346.63,73190122.0
2025-03-20,348.03,353.47,343.47,347.78,71051538.0
2025-03-21,348.84,355.12,345.31,350.6,100114949.0
2025-03-24,352.19,358.33,348.72,354.15,103154559.0
2025-03-25,357.55,362.35,350.8,355.1,83447302.0
2025-03-26,355.72,359.45,350.23,353.96,83959436.0
2025-03-27,353.17,362.48,349.66,358.74,134712810.0
2025-03-28,359.45,365.08,353.95,357.03,94373623.0
2025-04-01,356.05,362.08,352.08,356.32,64027942.0
2025-04-02,356.54,361.28,351.3,357.66,61618921.0
2025-04-03,354.95,367.1,353.0,363.68,171936732.0
2025-04-04,363.18,365.43,353.52,357.44,87497875.0
2025-04-07,338.15,352.65,333.04,347.48,88428166.0
2025-04-08,352.48,359.56,348.59,353.95,59484558.0
2025-04-09,353.62,358.16,348.45,353.87,47016789.0
2025-04-11,361.49,364.82,353.73,358.38,55419356.0
2025-04-15,363.78,369.22,359.32,366.87,65869779.0
2025-04-16,366.55,372.69,363.37,368.92,67667831.0
2025-04-17,368.71,374.7,364.91,371.75,68417402.0
2025-04-21,371.87,378.44,368.38,374.27,66717501.0
2025-04-22,374.68,380.29,370.65,376.01,286902798.0
2025-04-23,377.53,380.33,369.97,374.69,103325529.0
2025-04-24,374.78,381.33,371.37,377.04,80808378.0
2025-04-25,377.28,379.81,364.46,371.13,84300476.0
2025-04-28,370.66,376.26,366.14,371.48,58164346.0
2025-04-29,372.82,375.93,365.29,368.48,66272618.0
2025-04-30,368.67,371.43,360.3,364.04,62950420.0
2025-05-02,363.73,368.52,358.5,362.35,52826428.0
2025-05-05,364.21,369.96,361.44,366.43,56614181.0
2025-05-06,367.01,369.51,359.04,362.34,58940357.0
2025-05-07,358.8,366.87,355.55,362.61,97107920.0
2025-05-08,362.37,368.76,357.04,360.86,101842019.0
2025-05-09,353.75,363.84,350.33,358.75,75753676.0
2025-05-12,366.37,374.02,362.94,369.75,87465901.0
2025-05-13,370.05,374.04,365.02,369.53,77127992.0
2025-05-14,370.63,376.14,366.87,372.36,76223426.0
2025-05-15,373.56,381.39,370.54,378.24,74917533.0
2025-05-16,379.78,384.79,375.33,381.31,92810555.0
2025-05-19,382.6,387.99,377.67,382.19,109356373.0
2025-05-20,384.07,386.81,374.75,377.65,92655438.0
2025-05-21,377.06,383.8,373.38,379.04,138076963.0
2025-05-22,375.33,379.22,370.13,375.43,124264645.0
2025-05-23,376.64,383.0,372.62,376.76,103544466.0
2025-05-26,377.87,383.61,372.7,377.26,121860133.0
2025-05-27,377.49,381.61,371.34,375.72,84811496.0
2025-05-28,376.62,379.99,370.18,373.36,104253328.0
2025-05-29,373.97,377.24,369.32,373.43,87270183.0
2025-05-30,373.75,377.29,367.6,371.05,96478811.0
2025-06-02,370.6,374.19,365.69,370.56,80576270.0
2025-06-03,371.93,375.41,366.19,369.05,120974752.0
2025-06-04,369.51,373.06,365.44,369.99,326162966.0
2025-06-05,370.61,375.64,367.72,371.66,89539526.0
2025-06-06,372.57,376.31,368.93,373.28,79386389.0
2025-06-09,374.39,378.75,370.4,374.87,100472255.0
2025-06-10,378.28,382.46,374.34,378.03,151773046.0
2025-06-11,378.31,383.17,374.57,378.85,168258540.0
2025-06-12,379.51,382.37,371.85,374.41,99794551.0
2025-06-13,368.17,375.66,364.84,372.92,84277419.0
2025-06-16,373.09,379.66,368.43,376.53,71866186.0
2025-06-17,376.56,380.51,371.8,374.77,76357860.0
2025-06-18,374.8,378.71,370.82,373.92,80451424.0
2025-06-19,373.78,376.6,367.04,369.58,87341937.0
2025-06-20,369.26,374.42,365.15,369.98,84255667.0
2025-06-23,367.22,373.37,364.36,370.38,61617370.0
2025-06-24,374.58,380.61,370.28,374.15,90492907.0
2025-06-25,375.64,381.52,373.41,378.54,80289874.0
2025-06-26,379.51,385.77,376.6,382.36,206035423.0
2025-06-27,383.55,391.74,379.57,387.8,92885672.0
2025-06-30,388.41,392.21,383.15,387.31,98532800.0
2025-07-01,388.83,393.12,384.85,388.58,104127889.0
2025-07-02,388.82,395.92,384.69,392.16,121918008.0
2025-07-03,392.59,397.41,388.97,392.1,78017029.0
2025-07-04,392.44,397.42,388.93,393.54,90294308.0
2025-07-07,393.42,397.18,388.08,391.65,79880457.0
2025-07-08,392.2,398.06,388.37,394.21,609266847.0
2025-07-09,394.77,399.5,391.49,395.81,117723905.0
2025-07-10,396.31,399.35,391.02,393.82,94797434.0
2025-07-11,393.55,398.58,389.39,392.06,83619757.0
2025-07-14,391.95,395.7,387.57,391.24,70909234.0
2025-07-15,392.08,396.62,388.96,392.93,108455825.0
2025-07-16,393.29,397.2,389.4,393.68,101071524.0
2025-07-17,394.24,398.59,391.04,395.37,348075426.0
2025-07-18,396.14,399.07,390.76,393.91,124670466.0
2025-07-21,394.83,399.87,390.02,395.17,78408571.0
2025-07-22,396.56,401.61,390.82,395.84,122339167.0
2025-07-23,396.78,399.98,391.06,395.8,178863988.0
2025-07-24,396.13,399.75,390.06,394.85,116579208.0
2025-07-25,394.62,397.38,387.05,389.9,239635683.0
2025-07-28,389.85,395.2,384.34,388.11,92935420.0
2025-07-29,387.66,393.3,383.42,390.23,73421366.0
2025-07-30,390.76,397.27,387.0,392.33,68505851.0
2025-07-31,388.14,394.42,383.4,388.35,89444312.0
2025-08-01,387.8,394.04,381.63,385.52,72088384.0
2025-08-04,386.29,392.05,382.32,388.32,77197385.0
2025-08-05,389.39,392.6,383.94,387.67,55834207.0
2025-08-06,388.17,391.89,381.77,385.6,78370581.0
2025-08-07,384.07,388.59,378.1,384.75,70315864.0
2025-08-08,384.5,388.38,377.65,380.75,63428850.0
2025-08-11,380.71,387.79,377.48,384.13,57939192.0
2025-08-12,384.39,388.25,379.44,382.61,73963714.0
2025-08-13,383.57,387.29,379.21,383.05,84997519.0
2025-08-14,383.6,386.37,378.36,382.09,221490383.0
2025-08-18,388.45,398.0,385.01,392.73,144906405.0
2025-08-19,393.66,398.65,388.63,395.59,142415429.0
2025-08-20,395.79,400.02,391.85,396.03,96362392.0
2025-08-21,397.28,400.39,392.1,395.66,118660366.0
2025-08-22,395.85,398.5,387.35,390.14,174998568.0
2025-08-25,391.73,395.13,387.25,390.42,144277051.0
2025-08-26,389.5,393.46,383.43,386.68,96787209.0
2025-08-28,384.92,389.67,380.53,384.29,88506688.0
2025-08-29,384.45,389.86,381.29,385.31,125733592.0
2025-09-01,385.97,393.71,384.41,391.18,136590986.0
2025-09-02,391.89,396.24,387.3,391.18,147016260.0
2025-09-03,391.6,396.48,388.56,392.66,178537038.0
2025-09-04,397.87,402.11,389.19,391.95,121469853.0
2025-09-05,392.75,396.21,387.41,391.45,84256385.0
2025-09-08,391.93,397.45,388.12,391.9,107814892.0
2025-09-09,392.78,395.66,387.82,390.75,70345111.0
2025-09-10,392.09,396.36,387.3,390.46,129181525.0
2025-09-11,390.87,395.22,386.83,391.19,164904320.0
2025-09-12,391.94,395.6,387.93,390.71,78658497.0
2025-09-15,391.08,395.14,387.16,391.13,69282221.0
2025-09-16,392.57,398.32,389.7,394.32,85064197.0
2025-09-17,396.19,401.47,393.6,397.25,113222765.0
2025-09-18,398.38,400.85,393.25,396.64,90752232.0
2025-09-19,397.09,400.44,392.22,395.58,85940538.0
2025-09-22,396.23,401.31,392.28,395.58,97774082.0
2025-09-23,396.09,398.73,388.97,391.97,68381707.0
2025-09-24,392.08,395.53,386.93,389.31,57863750.0
2025-09-25,389.27,392.03,383.08,384.93,62836148.0
2025-09-26,384.52,386.98,375.64,378.31,70693076.0
2025-09-29,379.22,383.73,373.02,377.55,71548784.0
2025-09-30,378.05,383.53,374.43,379.0,72902576.0
2025-10-01,379.75,383.65,374.77,379.88,80070269.0
2025-10-03,380.48,385.08,377.23,382.16,76917699.0
2025-10-06,381.92,385.48,378.07,381.56,78304660.0
2025-10-07,381.96,386.76,379.01,382.91,99954721.0
2025-10-08,383.03,385.4,376.41,379.2,108995039.0
2025-10-09,379.41,384.02,376.56,381.06,90286852.0
2025-10-10,381.17,386.5,378.69,383.1,75813988.0
2025-10-13,381.54,384.57,378.4,381.33,45409726.0
2025-10-14,381.49,384.22,375.51,378.39,55951416.0
2025-10-15,378.84,385.27,376.39,382.17,58092370.0
2025-10-16,382.92,388.7,380.94,385.34,98600985.0
2025-10-17,385.31,391.04,380.94,385.83,68641000.0
2025-10-20,387.33,389.89,380.96,385.06,56668851.0
2025-10-21,386.07,388.94,383.32,386.3,16388179.0
2025-10-23,388.71,392.08,382.71,385.07,108058479.0
2025-10-24,385.52,387.59,378.37,381.55,66927382.0
2025-10-27,382.3,387.39,378.97,384.27,64968702.0
2025-10-28,384.59,387.63,379.69,382.95,66351761.0
2025-10-29,383.64,389.49,381.07,386.34,77656380.0
2025-10-30,386.67,388.81,381.6,385.02,67129838.0
2025-10-31,385.07,387.68,379.82,382.08,54471706.0
2025-11-03,382.38,387.11,378.47,383.07,80109923.0
2025-11-04,383.78,386.01,377.26,379.38,71739301.0
2025-11-06,379.66,384.22,373.25,377.55,95778160.0
2025-11-07,376.83,381.18,372.19,377.24,90934947.0
2025-11-10,377.66,382.21,373.3,377.3,78796741.0
2025-11-11,378.09,381.64,373.19,377.98,78715742.0
2025-11-12,379.35,387.19,375.94,382.52,83052565.0
2025-11-13,384.78,389.59,380.52,384.56,93311659.0
2025-11-14,383.97,387.59,379.7,383.75,64024388.0
2025-11-17,383.86,387.26,379.88,382.94,63575433.0
2025-11-18,384.33,387.08,378.41,381.9,65929386.0
2025-11-19,382.37,385.07,378.29,381.06,58171503.0
2025-11-20,382.3,384.6,377.9,380.6,72895076.0
2025-11-21,380.5,382.81,375.39,377.89,57699088.0
2025-11-24,378.12,381.54,372.06,375.81,82857877.0
2025-11-25,376.43,379.71,372.62,375.55,65175835.0
2025-11-26,376.63,382.84,373.6,380.03,53406290.0
2025-11-27,380.74,383.17,375.64,378.24,49041972.0
2025-11-28,378.25,380.37,374.37,377.08,50015118.0
2025-12-01,377.95,382.31,372.7,375.84,53474155.0
2025-12-02,375.73,379.97,371.98,376.57,49018940.0
2025-12-03,377.42,378.91,371.04,374.13,48471066.0
2025-12-04,373.68,377.71,370.15,373.94,61107221.0
2025-12-05,373.86,376.32,369.64,372.88,58432233.0
2025-12-08,373.05,375.46,365.94,368.63,61353587.0
2025-12-09,367.35,372.27,361.0,367.05,70074733.0
2025-12-10,367.77,372.15,363.52,366.34,59033364.0
2025-12-11,366.21,371.15,362.22,368.25,45713512.0
2025-12-12,369.13,374.91,366.42,371.94,65023157.0
2025-12-15,371.78,376.35,368.76,373.01,97142068.0
2025-12-16,372.77,375.2,367.5,370.35,60205455.0
2025-12-17,369.71,372.9,365.95,368.76,82656078.0
2025-12-18,368.41,370.23,363.19,365.78,47502459.0
2025-12-19,366.24,371.02,363.65,368.35,80050185.0
2025-12-22,368.91,373.31,366.01,369.4,60552115.0
2025-12-23,371.18,375.88,367.34,371.7,141007436.0
2025-12-24,372.32,376.21,368.76,371.79,83721265.0
2025-12-26,372.02,375.28,368.12,370.87,66050643.0
2025-12-29,370.78,374.38,367.35,370.91,70994604.0
2025-12-30,370.78,373.71,365.54,369.23,76073145.0
2025-12-31,369.33,374.78,367.22,371.98,55285766.0
2026-01-01,372.58,376.02,369.33,373.19,40777889.0
2026-01-02,373.49,377.73,370.94,374.75,55050845.0
2026-01-05,375.36,381.02,372.28,377.49,50435707.0
2026-01-06,378.04,380.83,373.76,377.54,48113713.0
2026-01-07,377.47,380.49,372.85,376.19,50950158.0
2026-01-08,375.35,377.72,367.92,370.47,185605352.0
2026-01-09,370.09,373.29,364.16,367.33,81298958.0
2026-01-12,366.23,371.81,360.52,368.73,75468978.0
2026-01-13,368.81,373.48,364.75,368.81,55051244.0
2026-01-14,368.35,374.38,363.98,370.51,61620518.0
2026-01-15,370.51,370.51,370.51,370.51,0.0
2026-01-16,367.68,375.46,363.87,370.74,52441045.0
2026-01-19,369.43,372.25,364.07,367.4,51143935.0
2026-01-20,366.35,369.76,357.11,359.72,159387898.0
2026-01-21,358.75,364.88,353.7,360.27,84872820.0
2026-01-22,362.0,368.94,358.44,364.28,133352949.0
2026-01-23,364.71,368.77,356.33,359.35,129515714.0
2026-01-27,362.34,368.76,354.24,361.55,146649844.0
2026-01-28,361.24,367.45,356.09,362.55,93034799.0
2026-01-29,362.55,365.08,354.7,358.94,63911298.0
2026-01-30,358.06,363.95,353.08,359.5,72211090.0
2026-02-02,352.71,360.08,347.14,356.87,57418931.0
2026-02-03,371.11,375.3,360.65,365.23,172035443.0
2026-02-04,365.95,373.53,362.08,370.05,184311739.0
2026-02-05,369.84,373.01,364.76,368.49,125970690.0
2026-02-06,367.44,370.57,361.34,366.02,78929933.0
2026-02-09,367.74,376.19,364.28,373.29,124928035.0
2026-02-10,373.72,377.35,368.34,372.1,98136995.0
2026-02-11,373.44,376.36,366.64,371.44,86946828.0
2026-02-12,371.54,374.79,366.37,370.49,95091539.0
2026-02-13,369.08,372.48,362.13,366.48,104251425.0
2026-02-16,365.2,370.41,361.61,367.56,62752637.0
2026-02-17,367.06,372.45,364.46,369.57,61937448.0
2026-02-18,369.89,373.43,366.82,370.28,52864111.0
2026-02-19,370.3,372.9,361.35,363.63,61853612.0
2026-02-20,362.7,368.3,359.08,364.08,89428392.0
2026-02-23,365.7,370.51,361.73,366.19,122370375.0
2026-02-24,365.05,368.03,360.46,364.14,61674378.0
2026-02-25,364.67,368.46,360.86,365.02,68362414.0
2026-02-26,365.62,368.24,360.83,364.05,65689144.0
2026-02-27,363.47,365.51,355.75,358.53,69312201.0
2026-03-02,346.63,356.13,343.41,351.93,84450477.0
2026-03-04,345.49,350.4,337.74,343.86,69594056.0
2026-03-05,344.56,349.87,339.29,346.47,78249408.0
2026-03-06,344.47,349.31,339.7,342.79,65570280.0
2026-03-09,336.19,339.42,326.05,331.48,102080819.0
2026-03-10,335.73,341.99,332.85,338.21,107853259.0
2026-03-11,339.02,343.71,333.26,336.34,135582810.0
2026-03-12,334.08,338.69,327.43,332.71,86737871.0
2026-03-13,330.78,332.26,319.55,321.75,74268841.0
2026-03-16,321.56,329.18,317.05,325.52,93412120.0
2026-03-17,326.09,331.24,322.82,327.98,78643936.0
2026-03-18,328.73,337.16,327.2,333.95,225738005.0
2026-03-19,329.12,331.78,320.73,322.65,70201363.0
2026-03-20,325.23,329.85,321.57,324.19,131602125.0
2026-03-23,321.32,322.85,308.18,311.29,141919195.0
2026-03-24,318.08,323.96,311.53,319.98,115471672.0
2026-03-25,322.11,333.81,320.69,329.52,103011188.0
2026-03-27,327.89,330.11,319.03,322.15,135057323.0
2026-03-30,319.16,322.57,311.13,314.4,122126171.0
2026-04-01,320.98,328.17,316.09,321.87,98367442.0
2026-04-02,318.0,322.84,310.51,320.59,88982726.0
2026-04-06,320.45,328.93,315.73,326.42,90024006.0
2026-04-07,324.96,328.98,320.58,325.73,70878028.0
2026-04-08,338.21,347.0,332.72,339.92,124346523.0
2026-04-09,338.62,342.42,333.66,337.15,83684635.0
2026-04-10,338.39,347.12,336.8,343.85,92847716.0
2026-04-13,336.65,345.07,332.62,341.95,90462816.0
2026-04-15,348.05,354.41,344.87,350.09,98398523.0
2026-04-16,352.18,355.45,346.19,350.74,102506754.0
2026-04-17,350.89,356.02,347.63,352.66,87170205.0
2026-04-20,353.84,358.95,348.37,354.17,104695685.0
2026-04-21,354.09,360.83,351.78,356.37,92699309.0
2026-04-22,355.36,361.99,353.16,359.22,71920344.0
2026-04-23,357.51,360.54,352.03,355.7,96227515.0
2026-04-24,356.61,359.3,348.38,351.67,71744262.0
2026-04-27,354.07,360.67,350.16,354.97,113579354.0
2026-04-28,356.76,360.1,349.53,352.02,88097463.0
2026-04-29,353.92,358.82,349.24,351.76,185406123.0
2026-04-30,350.33,353.12,342.48,348.25,81933329.0
2026-05-01,348.25,348.25,348.25,348.25,0.0
2026-05-04,350.23,357.15,346.63,351.78,122752325.0
2026-05-05,350.5,355.37,346.36,351.66,71738340.0
2026-05-06,354.33,361.07,350.72,358.46,91748337.0
2026-05-07,361.21,367.61,357.87,362.98,159290697.0
2026-05-08,362.43,367.9,356.59,362.13,100978973.0
2026-05-11,360.03,363.95,353.91,358.31,95543213.0
2026-05-12,357.72,359.95,347.46,349.75,73689893.0
2026-05-13,350.76,358.8,347.89,354.14,83699032.0
2026-05-14,355.66,361.0,351.01,355.83,74414936.0
2026-05-15,356.5,360.23,350.2,353.44,86067999.0
2026-05-18,351.15,355.52,343.95,351.88,105761366.0
2026-05-19,352.68,356.89,347.63,351.11,77316011.0
2026-05-20,348.46,354.24,344.69,351.11,90488819.0
2026-05-21,354.92,361.23,350.55,356.26,155078600.0
2026-05-22,357.84,363.06,354.19,358.15,183432788.0
2026-05-25,361.39,366.25,357.5,361.67,119875903.0
2026-05-26,361.61,366.41,357.68,361.36,121615203.0
2026-05-27,361.94,367.91,359.39,363.81,187634405.0
2026-05-28,363.81,363.81,363.81,363.81,0.0
2026-05-29,363.98,369.93,354.65,359.75,194734570.0
2026-06-01,362.48,366.86,352.77,355.87,133507553.0
2026-06-02,353.75,359.48,350.06,356.51,95652382.0
2026-06-03,356.61,360.57,349.99,355.36,112501238.0
2026-06-04,354.49,360.73,351.41,355.19,130260014.0
2026-06-05,356.8,359.79,350.58,353.72,92258262.0
2026-06-08,349.92,354.88,345.4,348.71,82169976.0
2026-06-09,350.01,355.77,347.6,352.75,84186186.0
2026-06-10,353.02,358.39,348.45,351.65,90116296.0
2026-06-11,349.9,354.01,345.52,349.45,66489116.0
2026-06-12,353.19,359.46,349.69,356.64,119217208.0
2026-06-15,362.83,369.21,358.08,362.71,118144080.0
2026-06-16,363.8,367.31,359.4,362.53,75415682.0
2026-06-17,363.62,367.78,359.52,363.19,89749512.0
2026-06-18,364.67,369.8,359.63,366.21,181567881.0
2026-06-19,365.39,370.78,361.09,366.19,183802066.0
2026-06-22,367.51,371.3,362.77,366.7,107342196.0
2026-06-23,367.51,370.92,361.12,364.05,106634500.0
2026-06-24,364.43,371.97,361.1,367.96,188670299.0
2026-06-25,369.85,374.48,363.73,366.37,164319790.0
2026-06-26,366.37,366.37,366.37,366.37,0.0
2026-06-29,365.49,369.64,358.11,361.54,96856390.0
2026-06-30,362.21,366.82,358.21,361.66,81229265.0
2026-07-01,362.94,369.67,359.65,365.84,98913998.0
2026-07-02,367.51,372.62,364.51,369.74,171423683.0
2026-07-03,371.19,376.91,367.76,372.09,105920206.0
2026-07-06,372.44,375.84,368.21,372.14,79493425.0
2026-07-07,372.37,374.58,366.9,369.27,64406993.0
2026-07-08,366.62,370.44,358.42,361.34,119720689.0
2026-07-09,361.84,370.52,360.1,365.6,95352821.0
2026-07-10,367.88,373.76,365.5,369.4,99210111.0
2026-07-13,367.1,371.68,363.09,367.57,95615792.0
2026-07-14,365.71,369.7,360.67,365.25,92557824.0
2026-07-15,366.13,374.46,363.84,369.79,156442610.0
2026-07-16,371.31,374.66,366.33,369.74,164896704.0
2026-07-17,369.82,374.01,365.02,370.06,252354776.0
2026-07-20,370.17,376.43,366.03,371.95,107145273.0
2026-07-21,373.35,378.49,369.77,374.75,170726040.0
2026-07-22,374.48,377.75,367.93,371.5,250637311.0
2026-07-23,370.06,374.4,365.03,368.12,245527966.0
2026-07-24,365.19,370.99,361.53,368.18,244247081.0
2026-07-27,370.44,375.65,366.11,371.25,136331746.0
2026-07-28,371.27,375.39,366.31,370.07,177640325.0
2026-07-29,371.37,378.37,368.22,372.62,177860478.0
2026-07-30,372.84,375.21,366.32,371.06,118350668.0
2026-07-31,372.39,376.14,367.61,371.36,90271017.0
2026-08-03,373.25,381.36,370.81,378.75,225028645.0
2026-08-04,377.22,381.43,371.88,376.19,117230246.0
2026-08-05,377.63,383.52,373.28,379.04,108646818.0
2026-08-06,380.16,383.59,373.9,377.6,92261493.0
